X,Y,UX,UY,LOAD,BOUNDARY
0.000000000000000000e+00,0.000000000000000000e+00,0.000000000000000000e+00,0.000000000000000000e+00,0.000000000000000000e+00,1.000000000000000000e+00
5.000000000000000278e-02,0.000000000000000000e+00,-1.424742256536660080e-03,-6.937166870892139039e-04,0.000000000000000000e+00,0.000000000000000000e+00
1.000000000000000056e-01,0.000000000000000000e+00,-2.820018061928444668e-03,-1.777492772814155209e-03,0.000000000000000000e+00,0.000000000000000000e+00
1.499999999999999944e-01,0.000000000000000000e+00,-4.245948221434072724e-03,-3.537862342803747319e-03,0.000000000000000000e+00,0.000000000000000000e+00
2.000000000000000111e-01,0.000000000000000000e+00,-5.689222208634641537e-03,-6.015060293038495404e-03,0.000000000000000000e+00,0.000000000000000000e+00
2.500000000000000000e-01,0.000000000000000000e+00,-7.140093877453851899e-03,-9.218206680416795445e-03,0.000000000000000000e+00,0.000000000000000000e+00
2.999999999999999889e-01,0.000000000000000000e+00,-8.593875365255014553e-03,-1.314914949249642792e-02,0.000000000000000000e+00,0.000000000000000000e+00
3.499999999999999778e-01,0.000000000000000000e+00,-1.004863144933917408e-02,-1.780799462761028726e-02,0.000000000000000000e+00,0.000000000000000000e+00
4.000000000000000222e-01,0.000000000000000000e+00,-1.150366114966168418e-02,-2.319454733714081118e-02,0.000000000000000000e+00,0.000000000000000000e+00
4.500000000000000111e-01,0.000000000000000000e+00,-1.295877193273755473e-02,-2.930861668430597561e-02,0.000000000000000000e+00,0.000000000000000000e+00
5.000000000000000000e-01,0.000000000000000000e+00,-1.441402051442749674e-02,-3.615004180778425696e-02,0.000000000000000000e+00,0.000000000000000000e+00
5.500000000000000444e-01,0.000000000000000000e+00,-1.586973066129716142e-02,-4.371874379351944201e-02,0.000000000000000000e+00,0.000000000000000000e+00
5.999999999999999778e-01,0.000000000000000000e+00,-1.732673299586068652e-02,-5.201505379863639172e-02,0.000000000000000000e+00,0.000000000000000000e+00
6.500000000000000222e-01,0.000000000000000000e+00,-1.878679331871572697e-02,-6.104080611208151375e-02,0.000000000000000000e+00,0.000000000000000000e+00
6.999999999999999556e-01,0.000000000000000000e+00,-2.025289274098918124e-02,-7.080213366435682276e-02,0.000000000000000000e+00,0.000000000000000000e+00
7.500000000000000000e-01,0.000000000000000000e+00,-2.172770730826839233e-02,-8.131493499702727168e-02,0.000000000000000000e+00,0.000000000000000000e+00
8.000000000000000444e-01,0.000000000000000000e+00,-2.320412870226067417e-02,-9.260957802146133067e-02,0.000000000000000000e+00,0.000000000000000000e+00
8.499999999999999778e-01,0.000000000000000000e+00,-2.463656590876298416e-02,-1.047170626537481247e-01,0.000000000000000000e+00,0.000000000000000000e+00
9.000000000000000222e-01,0.000000000000000000e+00,-2.589950826004372431e-02,-1.176106507125465883e-01,0.000000000000000000e+00,0.000000000000000000e+00
9.499999999999999556e-01,0.000000000000000000e+00,-2.679718480230363492e-02,-1.311187379118256280e-01,0.000000000000000000e+00,0.000000000000000000e+00
1.000000000000000000e+00,0.000000000000000000e+00,-2.702287444556771348e-02,-1.453143766984496266e-01,0.000000000000000000e+00,0.000000000000000000e+00
0.000000000000000000e+00,4.000000000000000083e-02,0.000000000000000000e+00,0.000000000000000000e+00,0.000000000000000000e+00,1.000000000000000000e+00
5.000000000000000278e-02,4.000000000000000083e-02,-7.608506460310867888e-04,-3.181988782563300255e-04,0.000000000000000000e+00,0.000000000000000000e+00
1.000000000000000056e-01,4.000000000000000083e-02,-1.653608937617465210e-03,-1.387871890643443268e-03,0.000000000000000000e+00,0.000000000000000000e+00
1.499999999999999944e-01,4.000000000000000083e-02,-2.533978690817449350e-03,-3.142659446050698451e-03,0.000000000000000000e+00,0.000000000000000000e+00
2.000000000000000111e-01,4.000000000000000083e-02,-3.409555246951524645e-03,-5.617374831794000496e-03,0.000000000000000000e+00,0.000000000000000000e+00
2.500000000000000000e-01,4.000000000000000083e-02,-4.283535136628655211e-03,-8.819541042397318481e-03,0.000000000000000000e+00,0.000000000000000000e+00
2.999999999999999889e-01,4.000000000000000083e-02,-5.156959607621355163e-03,-1.275014791825918384e-02,0.000000000000000000e+00,0.000000000000000000e+00
3.499999999999999778e-01,4.000000000000000083e-02,-6.030169915033714752e-03,-1.740890208429235128e-02,0.000000000000000000e+00,0.000000000000000000e+00
4.000000000000000222e-01,4.000000000000000083e-02,-6.903285622511691824e-03,-2.279545074008362815e-02,0.000000000000000000e+00,0.000000000000000000e+00
4.500000000000000111e-01,4.000000000000000083e-02,-7.776344881205587804e-03,-2.890955597903674748e-02,0.000000000000000000e+00,0.000000000000000000e+00
5.000000000000000000e-01,4.000000000000000083e-02,-8.649336464058165683e-03,-3.575105603134186294e-02,0.000000000000000000e+00,0.000000000000000000e+00
5.500000000000000444e-01,4.000000000000000083e-02,-9.522192995418227515e-03,-4.331987427075970759e-02,0.000000000000000000e+00,0.000000000000000000e+00
5.999999999999999778e-01,4.000000000000000083e-02,-1.039477660457873744e-02,-5.161626989519763065e-02,0.000000000000000000e+00,0.000000000000000000e+00
6.500000000000000222e-01,4.000000000000000083e-02,-1.126692145635335186e-02,-6.064172872561339467e-02,0.000000000000000000e+00,0.000000000000000000e+00
6.999999999999999556e-01,4.000000000000000083e-02,-1.213871180776246450e-02,-7.040133240261430003e-02,0.000000000000000000e+00,0.000000000000000000e+00
7.500000000000000000e-01,4.000000000000000083e-02,-1.301131078768250245e-02,-8.090890215212671877e-02,0.000000000000000000e+00,0.000000000000000000e+00
8.000000000000000444e-01,4.000000000000000083e-02,-1.388791622069936171e-02,-9.219516430838627097e-02,0.000000000000000000e+00,0.000000000000000000e+00
8.499999999999999778e-01,4.000000000000000083e-02,-1.476537694815484303e-02,-1.043072726495347935e-01,0.000000000000000000e+00,0.000000000000000000e+00
9.000000000000000222e-01,4.000000000000000083e-02,-1.559380348302870541e-02,-1.172614548303554938e-01,0.000000000000000000e+00,0.000000000000000000e+00
9.499999999999999556e-01,4.000000000000000083e-02,-1.622065455187929328e-02,-1.309236744095218508e-01,0.000000000000000000e+00,0.000000000000000000e+00
1.000000000000000000e+00,4.000000000000000083e-02,-1.623503023394171074e-02,-1.453669783790843828e-01,0.000000000000000000e+00,0.000000000000000000e+00
0.000000000000000000e+00,8.000000000000000167e-02,0.000000000000000000e+00,0.000000000000000000e+00,0.000000000000000000e+00,1.000000000000000000e+00
5.000000000000000278e-02,8.000000000000000167e-02,-2.318359035377879696e-04,-1.654759196345495259e-04,0.000000000000000000e+00,0.000000000000000000e+00
1.000000000000000056e-01,8.000000000000000167e-02,-5.277603840471767121e-04,-1.180316746798419376e-03,0.000000000000000000e+00,0.000000000000000000e+00
1.499999999999999944e-01,8.000000000000000167e-02,-8.349442593797690810e-04,-2.936397130788335769e-03,0.000000000000000000e+00,0.000000000000000000e+00
2.000000000000000111e-01,8.000000000000000167e-02,-1.134035375187020809e-03,-5.414496193362668304e-03,0.000000000000000000e+00,0.000000000000000000e+00
2.500000000000000000e-01,8.000000000000000167e-02,-1.428320288174149974e-03,-8.618574411402372612e-03,0.000000000000000000e+00,0.000000000000000000e+00
2.999999999999999889e-01,8.000000000000000167e-02,-1.720487987957598037e-03,-1.255006170952165968e-02,0.000000000000000000e+00,0.000000000000000000e+00
3.499999999999999778e-01,8.000000000000000167e-02,-2.011837267219758734e-03,-1.720918740022265095e-02,0.000000000000000000e+00,0.000000000000000000e+00
4.000000000000000222e-01,8.000000000000000167e-02,-2.302887770555524325e-03,-2.259591004245614654e-02,0.000000000000000000e+00,0.000000000000000000e+00
4.500000000000000111e-01,8.000000000000000167e-02,-2.593779160866410954e-03,-2.871016810523104035e-02,0.000000000000000000e+00,0.000000000000000000e+00
5.000000000000000000e-01,8.000000000000000167e-02,-2.884434677433386253e-03,-3.555192252843995121e-02,0.000000000000000000e+00,0.000000000000000000e+00
5.500000000000000444e-01,8.000000000000000167e-02,-3.174581610486952761e-03,-4.312118609062963459e-02,0.000000000000000000e+00,0.000000000000000000e+00
5.999999999999999778e-01,8.000000000000000167e-02,-3.463734609540249434e-03,-5.141815052616425380e-02,0.000000000000000000e+00,0.000000000000000000e+00
6.500000000000000222e-01,8.000000000000000167e-02,-3.751371864473102783e-03,-6.044359215755999021e-02,0.000000000000000000e+00,0.000000000000000000e+00
6.999999999999999556e-01,8.000000000000000167e-02,-4.037932120696482476e-03,-7.019996112792684095e-02,0.000000000000000000e+00,0.000000000000000000e+00
7.500000000000000000e-01,8.000000000000000167e-02,-4.328136930380714099e-03,-8.069404217868848816e-02,0.000000000000000000e+00,0.000000000000000000e+00
8.000000000000000444e-01,8.000000000000000167e-02,-4.639489760320409176e-03,-9.194333879988506042e-02,0.000000000000000000e+00,0.000000000000000000e+00
8.499999999999999778e-01,8.000000000000000167e-02,-5.019166174413539419e-03,-1.039941261284832580e-01,0.000000000000000000e+00,0.000000000000000000e+00
9.000000000000000222e-01,8.000000000000000167e-02,-5.525389739877499019e-03,-1.169285430049581409e-01,0.000000000000000000e+00,0.000000000000000000e+00
9.499999999999999556e-01,8.000000000000000167e-02,-6.076618491415392530e-03,-1.307444064721305921e-01,0.000000000000000000e+00,0.000000000000000000e+00
1.000000000000000000e+00,8.000000000000000167e-02,-5.806641159839835351e-03,-1.459730287382508540e-01,0.000000000000000000e+00,0.000000000000000000e+00
0.000000000000000000e+00,1.200000000000000233e-01,0.000000000000000000e+00,0.000000000000000000e+00,0.000000000000000000e+00,1.000000000000000000e+00
5.000000000000000278e-02,1.200000000000000233e-01,2.743835110725951110e-04,-1.759796721772245969e-04,0.000000000000000000e+00,0.000000000000000000e+00
1.000000000000000056e-01,1.200000000000000233e-01,5.643313179642670593e-04,-1.177189717663573243e-03,0.000000000000000000e+00,0.000000000000000000e+00
1.499999999999999944e-01,1.200000000000000233e-01,8.502053494089766147e-04,-2.929124390913911448e-03,0.000000000000000000e+00,0.000000000000000000e+00
2.000000000000000111e-01,1.200000000000000233e-01,1.136483823886137246e-03,-5.410173583593411335e-03,0.000000000000000000e+00,0.000000000000000000e+00
2.500000000000000000e-01,1.200000000000000233e-01,1.425286230387286940e-03,-8.616633346427810328e-03,0.000000000000000000e+00,0.000000000000000000e+00
2.999999999999999889e-01,1.200000000000000233e-01,1.715554846236120668e-03,-1.254934286479388733e-02,0.000000000000000000e+00,0.000000000000000000e+00
3.499999999999999778e-01,1.200000000000000233e-01,2.006423141051136283e-03,-1.720899260973509509e-02,0.000000000000000000e+00,0.000000000000000000e+00
4.000000000000000222e-01,1.200000000000000233e-01,2.297493286083468391e-03,-2.259594074583282097e-02,0.000000000000000000e+00,0.000000000000000000e+00
4.500000000000000111e-01,1.200000000000000233e-01,2.588659264291419144e-03,-2.871036444002405749e-02,0.000000000000000000e+00,0.000000000000000000e+00
5.000000000000000000e-01,1.200000000000000233e-01,2.879978280114768672e-03,-3.555236710141618239e-02,0.000000000000000000e+00,0.000000000000000000e+00
5.500000000000000444e-01,1.200000000000000233e-01,3.171624395296811401e-03,-4.312202669069549466e-02,0.000000000000000000e+00,0.000000000000000000e+00
5.999999999999999778e-01,1.200000000000000233e-01,3.463841087563527231e-03,-5.141936683647136547e-02,0.000000000000000000e+00,0.000000000000000000e+00
6.500000000000000222e-01,1.200000000000000233e-01,3.756673505566199018e-03,-6.044416862566545645e-02,0.000000000000000000e+00,0.000000000000000000e+00
6.999999999999999556e-01,1.200000000000000233e-01,4.048894775998457263e-03,-7.019546305032055289e-02,0.000000000000000000e+00,0.000000000000000000e+00
7.500000000000000000e-01,1.200000000000000233e-01,4.334651792365280289e-03,-8.067066221759293387e-02,0.000000000000000000e+00,0.000000000000000000e+00
8.000000000000000444e-01,1.200000000000000233e-01,4.594422800467527247e-03,-9.186569083761220167e-02,0.000000000000000000e+00,0.000000000000000000e+00
8.499999999999999778e-01,1.200000000000000233e-01,4.772069247833581225e-03,-1.037858849731786853e-01,0.000000000000000000e+00,0.000000000000000000e+00
9.000000000000000222e-01,1.200000000000000233e-01,4.700753059762530217e-03,-1.165431818916389944e-01,0.000000000000000000e+00,0.000000000000000000e+00
9.499999999999999556e-01,1.200000000000000233e-01,4.207874649135189514e-03,-1.304357281028405424e-01,0.000000000000000000e+00,0.000000000000000000e+00
1.000000000000000000e+00,1.200000000000000233e-01,4.853458783078772563e-03,-1.474906651872154861e-01,0.000000000000000000e+00,0.000000000000000000e+00
0.000000000000000000e+00,1.600000000000000033e-01,0.000000000000000000e+00,0.000000000000000000e+00,0.000000000000000000e+00,1.000000000000000000e+00
5.000000000000000278e-02,1.600000000000000033e-01,7.822208136385580329e-04,-3.461128614260743888e-04,0.000000000000000000e+00,0.000000000000000000e+00
1.000000000000000056e-01,1.600000000000000033e-01,1.652799673309298225e-03,-1.373301064960059416e-03,0.000000000000000000e+00,0.000000000000000000e+00
1.499999999999999944e-01,1.600000000000000033e-01,2.530599496631563694e-03,-3.126117916220312598e-03,0.000000000000000000e+00,0.000000000000000000e+00
2.000000000000000111e-01,1.600000000000000033e-01,3.405385284898972392e-03,-5.607463310465922099e-03,0.000000000000000000e+00,0.000000000000000000e+00
2.500000000000000000e-01,1.600000000000000033e-01,4.278724044261022173e-03,-8.815008812868570243e-03,0.000000000000000000e+00,0.000000000000000000e+00
2.999999999999999889e-01,1.600000000000000033e-01,5.151813044115507133e-03,-1.274845239069106496e-02,0.000000000000000000e+00,0.000000000000000000e+00
3.499999999999999778e-01,1.600000000000000033e-01,6.024886065493696534e-03,-1.740843855995540673e-02,0.000000000000000000e+00,0.000000000000000000e+00
4.000000000000000222e-01,1.600000000000000033e-01,6.897952199266586468e-03,-2.279551730247138946e-02,0.000000000000000000e+00,0.000000000000000000e+00
4.500000000000000111e-01,1.600000000000000033e-01,7.770992372702937960e-03,-2.891000802565590888e-02,0.000000000000000000e+00,0.000000000000000000e+00
5.000000000000000000e-01,1.600000000000000033e-01,8.643969936951994767e-03,-3.575208254314388850e-02,0.000000000000000000e+00,0.000000000000000000e+00
5.500000000000000444e-01,1.600000000000000033e-01,9.516789994221770341e-03,-4.332180529609255815e-02,0.000000000000000000e+00,0.000000000000000000e+00
5.999999999999999778e-01,1.600000000000000033e-01,1.038921221307004782e-02,-5.161898710058966666e-02,0.000000000000000000e+00,0.000000000000000000e+00
6.500000000000000222e-01,1.600000000000000033e-01,1.126066422987951308e-02,-6.064258783359381677e-02,0.000000000000000000e+00,0.000000000000000000e+00
6.999999999999999556e-01,1.600000000000000033e-01,1.212982070345165059e-02,-7.038909848416687043e-02,0.000000000000000000e+00,0.000000000000000000e+00
7.500000000000000000e-01,1.600000000000000033e-01,1.299356251852201022e-02,-8.084899129880271373e-02,0.000000000000000000e+00,0.000000000000000000e+00
8.000000000000000444e-01,1.600000000000000033e-01,1.384404419840011904e-02,-9.200081514720942488e-02,0.000000000000000000e+00,0.000000000000000000e+00
8.499999999999999778e-01,1.600000000000000033e-01,1.465937568921983972e-02,-1.038070271050487436e-01,0.000000000000000000e+00,0.000000000000000000e+00
9.000000000000000222e-01,1.600000000000000033e-01,1.536932392585291414e-02,-1.162333119323008673e-01,0.000000000000000000e+00,0.000000000000000000e+00
9.499999999999999556e-01,1.600000000000000033e-01,1.543231672412056187e-02,-1.298011067894412063e-01,0.000000000000000000e+00,0.000000000000000000e+00
1.000000000000000000e+00,1.600000000000000033e-01,1.690268037160209263e-02,-1.502694661640608109e-01,0.000000000000000000e+00,0.000000000000000000e+00
0.000000000000000000e+00,2.000000000000000111e-01,0.000000000000000000e+00,0.000000000000000000e+00,0.000000000000000000e+00,1.000000000000000000e+00
5.000000000000000278e-02,2.000000000000000111e-01,1.301922651653553012e-03,-7.030797851710242352e-04,0.000000000000000000e+00,0.000000000000000000e+00
1.000000000000000056e-01,2.000000000000000111e-01,2.754470498443742626e-03,-1.769921358017279706e-03,0.000000000000000000e+00,0.000000000000000000e+00
1.499999999999999944e-01,2.000000000000000111e-01,4.217822913694319401e-03,-3.526137479598724384e-03,0.000000000000000000e+00,0.000000000000000000e+00
2.000000000000000111e-01,2.000000000000000111e-01,5.677532310846838612e-03,-6.006678527151709107e-03,0.000000000000000000e+00,0.000000000000000000e+00
2.500000000000000000e-01,2.000000000000000111e-01,7.133871039985623282e-03,-9.213932048175272130e-03,0.000000000000000000e+00,0.000000000000000000e+00
2.999999999999999889e-01,2.000000000000000111e-01,8.588915646278718827e-03,-1.314743960698343782e-02,0.000000000000000000e+00,0.000000000000000000e+00
3.499999999999999778e-01,2.000000000000000111e-01,1.004372745855723788e-02,-1.780750032928827067e-02,0.000000000000000000e+00,0.000000000000000000e+00
4.000000000000000222e-01,2.000000000000000111e-01,1.149858347954193540e-02,-2.319460568786622587e-02,0.000000000000000000e+00,0.000000000000000000e+00
4.500000000000000111e-01,2.000000000000000111e-01,1.295346273251259811e-02,-2.930908002057087611e-02,0.000000000000000000e+00,0.000000000000000000e+00
5.000000000000000000e-01,2.000000000000000111e-01,1.440821916237844912e-02,-3.615108451588414790e-02,0.000000000000000000e+00,0.000000000000000000e+00
5.500000000000000444e-01,2.000000000000000111e-01,1.586257840046132253e-02,-4.372064016569261052e-02,0.000000000000000000e+00,0.000000000000000000e+00
5.999999999999999778e-01,2.000000000000000111e-01,1.731609739492337430e-02,-5.201749045577080260e-02,0.000000000000000000e+00,0.000000000000000000e+00
6.500000000000000222e-01,2.000000000000000111e-01,1.876834281811579769e-02,-6.104059033383359145e-02,0.000000000000000000e+00,0.000000000000000000e+00
6.999999999999999556e-01,2.000000000000000111e-01,2.022008356321538039e-02,-7.078684788766795299e-02,0.000000000000000000e+00,0.000000000000000000e+00
7.500000000000000000e-01,2.000000000000000111e-01,2.167785365393773769e-02,-8.124873257365240742e-02,0.000000000000000000e+00,0.000000000000000000e+00
8.000000000000000444e-01,2.000000000000000111e-01,2.316812907446539824e-02,-9.241154048112411312e-02,0.000000000000000000e+00,0.000000000000000000e+00
8.499999999999999778e-01,2.000000000000000111e-01,2.477616186865740783e-02,-1.042566842652178777e-01,0.000000000000000000e+00,0.000000000000000000e+00
9.000000000000000222e-01,2.000000000000000111e-01,2.674507429730790115e-02,-1.167903725188703529e-01,0.000000000000000000e+00,0.000000000000000000e+00
9.499999999999999556e-01,2.000000000000000111e-01,2.979162600067666172e-02,-1.299471787906449904e-01,0.000000000000000000e+00,0.000000000000000000e+00
1.000000000000000000e+00,2.000000000000000111e-01,3.092157299822779690e-02,-1.570276674231356473e-01,1.000000000000000000e+00,0.000000000000000000e+00
