X,Y,UX,UY
0.000000000000000000e+00,0.000000000000000000e+00,0.000000000000000000e+00,0.000000000000000000e+00
4.000000000000000000e+00,0.000000000000000000e+00,-7.561090049894003337e-03,-8.765256842469522011e-03
8.000000000000000000e+00,0.000000000000000000e+00,-1.244961819136735509e-02,-1.601021309953904945e-02
1.200000000000000000e+01,0.000000000000000000e+00,-1.581414234673224686e-02,-2.302883355618541225e-02
1.600000000000000000e+01,0.000000000000000000e+00,-1.808337924894226276e-02,-2.982992283016954252e-02
2.000000000000000000e+01,0.000000000000000000e+00,-1.950935344151645545e-02,-3.633514542914251938e-02
2.400000000000000000e+01,0.000000000000000000e+00,-2.027143472027857080e-02,-4.247374302058321005e-02
2.800000000000000000e+01,0.000000000000000000e+00,-2.051194563174666211e-02,-4.819407269858600601e-02
3.200000000000000000e+01,0.000000000000000000e+00,-2.035080088027194090e-02,-5.346468841165426256e-02
3.600000000000000000e+01,0.000000000000000000e+00,-1.989161982018220962e-02,-5.827329608424724333e-02
4.000000000000000000e+01,0.000000000000000000e+00,-1.922410858377455664e-02,-6.262468259480480359e-02
4.400000000000000000e+01,0.000000000000000000e+00,-1.842496548848561802e-02,-6.653791043793000348e-02
4.800000000000000000e+01,0.000000000000000000e+00,-1.755841755275418942e-02,-7.004312912278314041e-02
5.200000000000000000e+01,0.000000000000000000e+00,-1.667687207633544721e-02,-7.317839158964793700e-02
5.600000000000000000e+01,0.000000000000000000e+00,-1.582181618447993723e-02,-7.598678760341959215e-02
6.000000000000000000e+01,0.000000000000000000e+00,-1.502491796276273460e-02,-7.851407709503763210e-02
6.400000000000000000e+01,0.000000000000000000e+00,-1.430921090048557602e-02,-8.080688207838393478e-02
6.800000000000000000e+01,0.000000000000000000e+00,-1.369023115715938162e-02,-8.291140127197693666e-02
7.200000000000000000e+01,0.000000000000000000e+00,-1.317699191392205857e-02,-8.487254747709081781e-02
7.600000000000000000e+01,0.000000000000000000e+00,-1.277270151943192891e-02,-8.673336161031770797e-02
8.000000000000000000e+01,0.000000000000000000e+00,-1.247515422676339671e-02,-8.853450970221106442e-02
8.400000000000000000e+01,0.000000000000000000e+00,-1.227674610959986028e-02,-9.031359313540972267e-02
8.800000000000000000e+01,0.000000000000000000e+00,-1.216410978378143666e-02,-9.210385431638436204e-02
9.200000000000000000e+01,0.000000000000000000e+00,-1.211746427572647777e-02,-9.393156139143211958e-02
9.600000000000000000e+01,0.000000000000000000e+00,-1.211009488006796475e-02,-9.581082464641782481e-02
1.000000000000000000e+02,0.000000000000000000e+00,-1.211028513163003341e-02,-9.773544471568386405e-02
0.000000000000000000e+00,4.000000000000000000e+00,0.000000000000000000e+00,0.000000000000000000e+00
4.000000000000000000e+00,4.000000000000000000e+00,-3.643473386202618867e-03,-6.708461278490986980e-03
8.000000000000000000e+00,4.000000000000000000e+00,-7.429378426155452443e-03,-1.442501229848692015e-02
1.200000000000000000e+01,4.000000000000000000e+00,-1.037116776653262268e-02,-2.188799946236830510e-02
1.600000000000000000e+01,4.000000000000000000e+00,-1.254149596995052414e-02,-2.904898666267678384e-02
2.000000000000000000e+01,4.000000000000000000e+00,-1.405531144463836174e-02,-3.584575892915044942e-02
2.400000000000000000e+01,4.000000000000000000e+00,-1.502149164358940019e-02,-4.221951212126506120e-02
2.800000000000000000e+01,4.000000000000000000e+00,-1.553960092438529117e-02,-4.812642386705341668e-02
3.200000000000000000e+01,4.000000000000000000e+00,-1.570013879117963113e-02,-5.354085511770224209e-02
3.600000000000000000e+01,4.000000000000000000e+00,-1.558468965728432819e-02,-5.845555393936559957e-02
4.000000000000000000e+01,4.000000000000000000e+00,-1.526576026925793340e-02,-6.288014915382632297e-02
4.400000000000000000e+01,4.000000000000000000e+00,-1.480656687469956469e-02,-6.683849450952547566e-02
4.800000000000000000e+01,4.000000000000000000e+00,-1.426100182042188379e-02,-7.036542025083558638e-02
5.200000000000000000e+01,4.000000000000000000e+00,-1.367387971994173806e-02,-7.350341939984128548e-02
5.600000000000000000e+01,4.000000000000000000e+00,-1.308145336174661166e-02,-7.629966048808478618e-02
6.000000000000000000e+01,4.000000000000000000e+00,-1.251212613997193177e-02,-7.880354529753992587e-02
6.400000000000000000e+01,4.000000000000000000e+00,-1.198726508439364700e-02,-8.106487832591706411e-02
6.800000000000000000e+01,4.000000000000000000e+00,-1.152202224723801287e-02,-8.313260625507651325e-02
7.200000000000000000e+01,4.000000000000000000e+00,-1.112608963865165460e-02,-8.505401672852029582e-02
7.600000000000000000e+01,4.000000000000000000e+00,-1.080433595155025697e-02,-8.687424015838109137e-02
8.000000000000000000e+01,4.000000000000000000e+00,-1.055729775313278725e-02,-8.863585547198142567e-02
8.400000000000000000e+01,4.000000000000000000e+00,-1.038152058998929698e-02,-9.037833662834071635e-02
8.800000000000000000e+01,4.000000000000000000e+00,-1.026975805064280628e-02,-9.213695987145133215e-02
9.200000000000000000e+01,4.000000000000000000e+00,-1.021100773109515428e-02,-9.394057388573216760e-02
9.600000000000000000e+01,4.000000000000000000e+00,-1.019018982164935326e-02,-9.580722768705453307e-02
1.000000000000000000e+02,4.000000000000000000e+00,-1.018661632017435655e-02,-9.773563496724592403e-02
0.000000000000000000e+00,8.000000000000000000e+00,0.000000000000000000e+00,0.000000000000000000e+00
4.000000000000000000e+00,8.000000000000000000e+00,-2.314307569738814109e-03,-6.275139669199560240e-03
8.000000000000000000e+00,8.000000000000000000e+00,-4.665630407055175628e-03,-1.357891694489136818e-02
1.200000000000000000e+01,8.000000000000000000e+00,-6.843398680966095680e-03,-2.112863990776890286e-02
1.600000000000000000e+01,8.000000000000000000e+00,-8.609932960420434850e-03,-2.847318718862182352e-02
2.000000000000000000e+01,8.000000000000000000e+00,-9.939646339342432524e-03,-3.546004095364602843e-02
2.400000000000000000e+01,8.000000000000000000e+00,-1.086612864710165445e-02,-4.200492173705725613e-02
2.800000000000000000e+01,8.000000000000000000e+00,-1.144261872246066930e-02,-4.805561238884492603e-02
3.200000000000000000e+01,8.000000000000000000e+00,-1.172839802673138546e-02,-5.358437152656315983e-02
3.600000000000000000e+01,8.000000000000000000e+00,-1.178247304987921872e-02,-5.858488135286170351e-02
4.000000000000000000e+01,8.000000000000000000e+00,-1.166009985796267329e-02,-6.306935928542486969e-02
4.400000000000000000e+01,8.000000000000000000e+00,-1.141084249881657055e-02,-6.706508483293331657e-02
4.800000000000000000e+01,8.000000000000000000e+00,-1.107764593024494412e-02,-7.061059431856109292e-02
5.200000000000000000e+01,8.000000000000000000e+00,-1.069660999106995108e-02,-7.375199826675241099e-02
5.600000000000000000e+01,8.000000000000000000e+00,-1.029722374673611163e-02,-7.653977649243944026e-02
6.000000000000000000e+01,8.000000000000000000e+00,-9.902871279201237373e-03,-7.902623207926721960e-02
6.400000000000000000e+01,8.000000000000000000e+00,-9.531468626712898129e-03,-8.126363495484126287e-02
6.800000000000000000e+01,8.000000000000000000e+00,-9.196134794337560911e-03,-8.330298434065749880e-02
7.200000000000000000e+01,8.000000000000000000e+00,-8.905834557205304092e-03,-8.519326027292412062e-02
7.600000000000000000e+01,8.000000000000000000e+00,-8.665955849991184567e-03,-8.698100069923792033e-02
8.000000000000000000e+01,8.000000000000000000e+00,-8.478797857371690727e-03,-8.871001497483123333e-02
8.400000000000000000e+01,8.000000000000000000e+00,-8.343940473147555201e-03,-9.042101274842079262e-02
8.800000000000000000e+01,8.000000000000000000e+00,-8.258421954362563100e-03,-9.215088099952410683e-02
9.200000000000000000e+01,8.000000000000000000e+00,-8.216521626990542018e-03,-9.393128622674554173e-02
9.600000000000000000e+01,8.000000000000000000e+00,-8.208617128606959801e-03,-9.578624598812830737e-02
1.000000000000000000e+02,8.000000000000000000e+00,-8.217766628600312040e-03,-9.772831248736384147e-02
0.000000000000000000e+00,1.200000000000000000e+01,0.000000000000000000e+00,0.000000000000000000e+00
4.000000000000000000e+00,1.200000000000000000e+01,-1.626173650221292245e-03,-6.315555866070235967e-03
8.000000000000000000e+00,1.200000000000000000e+01,-3.157286361553765693e-03,-1.343618648427931557e-02
1.200000000000000000e+01,1.200000000000000000e+01,-4.603458587998761169e-03,-2.088031279011714342e-02
1.600000000000000000e+01,1.200000000000000000e+01,-5.867263656085653853e-03,-2.825931626237298752e-02
2.000000000000000000e+01,1.200000000000000000e+01,-6.873525837777007610e-03,-3.533459350418707151e-02
2.400000000000000000e+01,1.200000000000000000e+01,-7.608931153665101678e-03,-4.197880410531912299e-02
2.800000000000000000e+01,1.200000000000000000e+01,-8.092747518599684858e-03,-4.811981301408983086e-02
3.200000000000000000e+01,1.200000000000000000e+01,-8.359657349893311745e-03,-5.372109460640509676e-02
3.600000000000000000e+01,1.200000000000000000e+01,-8.450111705953763930e-03,-5.877364846269018950e-02
4.000000000000000000e+01,1.200000000000000000e+01,-8.404608722251715944e-03,-6.329048618201472964e-02
4.400000000000000000e+01,1.200000000000000000e+01,-8.260430133063980870e-03,-6.730146925919602841e-02
4.800000000000000000e+01,1.200000000000000000e+01,-8.050046890590916923e-03,-7.084837873130173103e-02
5.200000000000000000e+01,1.200000000000000000e+01,-7.800617929616727488e-03,-7.398054369244647099e-02
5.600000000000000000e+01,1.200000000000000000e+01,-7.534139737388801522e-03,-7.675127583945783039e-02
6.000000000000000000e+01,1.200000000000000000e+01,-7.267931907621647154e-03,-7.921518322927442735e-02
6.400000000000000000e+01,1.200000000000000000e+01,-7.015256438712679128e-03,-8.142630345399270997e-02
6.800000000000000000e+01,1.200000000000000000e+01,-6.785953758417287256e-03,-8.343692288055119810e-02
7.200000000000000000e+01,1.200000000000000000e+01,-6.587034007268844672e-03,-8.529691815589621195e-02
7.600000000000000000e+01,1.200000000000000000e+01,-6.423191185371806416e-03,-8.705344921440846817e-02
8.000000000000000000e+01,1.200000000000000000e+01,-6.297212805363047901e-03,-8.875083614313204750e-02
8.400000000000000000e+01,1.200000000000000000e+01,-6.210235753681126770e-03,-9.043046137621961467e-02
8.800000000000000000e+01,1.200000000000000000e+01,-6.161738052353238869e-03,-9.213056386896280314e-02
9.200000000000000000e+01,1.200000000000000000e+01,-6.149031247700767998e-03,-9.388587139681851823e-02
9.600000000000000000e+01,1.200000000000000000e+01,-6.165789208445498354e-03,-9.572725504424128840e-02
1.000000000000000000e+02,1.200000000000000000e+01,-6.198765792984808204e-03,-9.768226856965624150e-02
0.000000000000000000e+00,1.600000000000000000e+01,0.000000000000000000e+00,0.000000000000000000e+00
4.000000000000000000e+00,1.600000000000000000e+01,-1.206663596754046315e-03,-6.551171836071018571e-03
8.000000000000000000e+00,1.600000000000000000e+01,-2.235291061128674966e-03,-1.368265779345789572e-02
1.200000000000000000e+01,1.600000000000000000e+01,-3.153111908040773757e-03,-2.107868511840234327e-02
1.600000000000000000e+01,1.600000000000000000e+01,-3.949852841835695128e-03,-2.844223856069311163e-02
2.000000000000000000e+01,1.600000000000000000e+01,-4.590804190454897925e-03,-3.554397290094390982e-02
2.400000000000000000e+01,1.600000000000000000e+01,-5.056998846715008052e-03,-4.223144016614058943e-02
2.800000000000000000e+01,1.600000000000000000e+01,-5.353943218242961793e-03,-4.841335617067116931e-02
3.200000000000000000e+01,1.600000000000000000e+01,-5.503149525383418776e-03,-5.404280427739467652e-02
3.600000000000000000e+01,1.600000000000000000e+01,-5.533493088031762874e-03,-5.910712472787311295e-02
4.000000000000000000e+01,1.600000000000000000e+01,-5.474998045993141604e-03,-6.362000478774332279e-02
4.400000000000000000e+01,1.600000000000000000e+01,-5.355136176717074058e-03,-6.761421540596132540e-02
4.800000000000000000e+01,1.600000000000000000e+01,-5.197120230939052989e-03,-7.113514565006848200e-02
5.200000000000000000e+01,1.600000000000000000e+01,-5.019522535761819677e-03,-7.423550073253673554e-02
5.600000000000000000e+01,1.600000000000000000e+01,-4.836631096330422895e-03,-7.697129238002646534e-02
6.000000000000000000e+01,1.600000000000000000e+01,-4.659126878272556657e-03,-7.939902853899748203e-02
6.400000000000000000e+01,1.600000000000000000e+01,-4.494832856470174116e-03,-8.157389887653959670e-02
6.800000000000000000e+01,1.600000000000000000e+01,-4.349408245616023967e-03,-8.354872626122968049e-02
7.200000000000000000e+01,1.600000000000000000e+01,-4.226935109161193346e-03,-8.537347087572579041e-02
7.600000000000000000e+01,1.600000000000000000e+01,-4.130377631545643219e-03,-8.709510586779266317e-02
8.000000000000000000e+01,1.600000000000000000e+01,-4.061895883052514186e-03,-8.875772083839600368e-02
8.400000000000000000e+01,1.600000000000000000e+01,-4.022970699771843614e-03,-9.040275519527969650e-02
8.800000000000000000e+01,1.600000000000000000e+01,-4.014244322645736662e-03,-9.206933631508787408e-02
9.200000000000000000e+01,1.600000000000000000e+01,-4.034901857724452687e-03,-9.379484295277108752e-02
9.600000000000000000e+01,1.600000000000000000e+01,-4.081323519633021923e-03,-9.561613416499667450e-02
1.000000000000000000e+02,1.600000000000000000e+01,-4.144697561651664551e-03,-9.757262187266764475e-02
0.000000000000000000e+00,2.000000000000000000e+01,0.000000000000000000e+00,0.000000000000000000e+00
4.000000000000000000e+00,2.000000000000000000e+01,-9.316554011483521493e-04,-6.889601157507353919e-03
8.000000000000000000e+00,2.000000000000000000e+01,-1.627664237917985897e-03,-1.416837082926657512e-02
1.200000000000000000e+01,2.000000000000000000e+01,-2.166460403177604410e-03,-2.161230656215679113e-02
1.600000000000000000e+01,2.000000000000000000e+01,-2.578834299314463740e-03,-2.899202660199318160e-02
2.000000000000000000e+01,2.000000000000000000e+01,-2.869080983513758263e-03,-3.610830799331807978e-02
2.400000000000000000e+01,2.000000000000000000e+01,-3.038124185160835135e-03,-4.280983814637875223e-02
2.800000000000000000e+01,2.000000000000000000e+01,-3.096586850482908621e-03,-4.899595216777800216e-02
3.200000000000000000e+01,2.000000000000000000e+01,-3.065291515804419945e-03,-5.461300141294927329e-02
3.600000000000000000e+01,2.000000000000000000e+01,-2.969675826820017146e-03,-5.964705118165265080e-02
4.000000000000000000e+01,2.000000000000000000e+01,-2.834383362609593608e-03,-6.411467165508483168e-02
4.400000000000000000e+01,2.000000000000000000e+01,-2.680033972475690755e-03,-6.805347025472195666e-02
4.800000000000000000e+01,2.000000000000000000e+01,-2.522101240487723602e-03,-7.151385097031350002e-02
5.200000000000000000e+01,2.000000000000000000e+01,-2.371168853787401776e-03,-7.455268804373763047e-02
5.600000000000000000e+01,2.000000000000000000e+01,-2.233852137432176897e-03,-7.722891868431112916e-02
6.000000000000000000e+01,2.000000000000000000e+01,-2.113898218987903237e-03,-7.960072737722974356e-02
6.400000000000000000e+01,2.000000000000000000e+01,-2.013203362793689923e-03,-8.172391930005057370e-02
6.800000000000000000e+01,2.000000000000000000e+01,-1.932641664415074307e-03,-8.365112695040896607e-02
7.200000000000000000e+01,2.000000000000000000e+01,-1.872684210871982963e-03,-8.543157633317514932e-02
7.600000000000000000e+01,2.000000000000000000e+01,-1.833820151170627343e-03,-8.711121974148616776e-02
8.000000000000000000e+01,2.000000000000000000e+01,-1.816788858700881838e-03,-8.873311387823122620e-02
8.400000000000000000e+01,2.000000000000000000e+01,-1.822608170080951794e-03,-9.033799389227313570e-02
8.800000000000000000e+01,2.000000000000000000e+01,-1.852346856000795143e-03,-9.196508721167770406e-02
9.200000000000000000e+01,2.000000000000000000e+01,-1.906552991276265875e-03,-9.365336325767235903e-02
9.600000000000000000e+01,2.000000000000000000e+01,-1.984246156763443212e-03,-9.544369138612432413e-02
1.000000000000000000e+02,2.000000000000000000e+01,-2.081500620219574500e-03,-9.738289420392999551e-02
0.000000000000000000e+00,2.400000000000000000e+01,0.000000000000000000e+00,0.000000000000000000e+00
4.000000000000000000e+00,2.400000000000000000e+01,-7.465042347722776212e-04,-7.298126221413262990e-03
8.000000000000000000e+00,2.400000000000000000e+01,-1.209918376831310878e-03,-1.482639132861286735e-02
1.200000000000000000e+01,2.400000000000000000e+01,-1.466739422885824772e-03,-2.241133405765956266e-02
1.600000000000000000e+01,2.400000000000000000e+01,-1.566373610222927771e-03,-2.986758362343679835e-02
2.000000000000000000e+01,2.400000000000000000e+01,-1.539585106487621237e-03,-3.702280832789751203e-02
2.400000000000000000e+01,2.400000000000000000e+01,-1.410671284991309692e-03,-4.373537931709831073e-02
2.800000000000000000e+01,2.400000000000000000e+01,-1.206617376907662739e-03,-4.990391854323583676e-02
3.200000000000000000e+01,2.400000000000000000e+01,-9.580185100346823909e-04,-5.547418265619216693e-02
3.600000000000000000e+01,2.400000000000000000e+01,-6.945485425163214904e-04,-6.043626027545690588e-02
4.000000000000000000e+01,2.400000000000000000e+01,-4.403673740863858852e-04,-6.481429441977051842e-02
4.400000000000000000e+01,2.400000000000000000e+01,-2.119963925966397353e-04,-6.865443304254315038e-02
4.800000000000000000e+01,2.400000000000000000e+01,-1.850325933349414813e-05,-7.201460743441703838e-02
5.200000000000000000e+01,2.400000000000000000e+01,1.370206302269109271e-04,-7.495725626211373338e-02
5.600000000000000000e+01,2.400000000000000000e+01,2.555840488691956346e-04,-7.754474967639696237e-02
6.000000000000000000e+01,2.400000000000000000e+01,3.405482581090372692e-04,-7.983682932400369692e-02
6.400000000000000000e+01,2.400000000000000000e+01,3.962287017553639849e-04,-8.188939759282662378e-02
6.800000000000000000e+01,2.400000000000000000e+01,4.268841817144035486e-04,-8.375415287272067189e-02
7.200000000000000000e+01,2.400000000000000000e+01,4.360485864299556177e-04,-8.547873751622189764e-02
7.600000000000000000e+01,2.400000000000000000e+01,4.261395811516128563e-04,-8.710720017271617044e-02
8.000000000000000000e+01,2.400000000000000000e+01,3.982912353849540400e-04,-8.868067594652633001e-02
8.400000000000000000e+01,2.400000000000000000e+01,3.523843615535459111e-04,-9.023827355943440931e-02
8.800000000000000000e+01,2.400000000000000000e+01,2.872755310543989452e-04,-9.181825097452428475e-02
9.200000000000000000e+01,2.400000000000000000e+01,2.012366656159897708e-04,-9.345968589905502555e-02
9.600000000000000000e+01,2.400000000000000000e+01,9.258030843939942607e-05,-9.520503356695801667e-02
1.000000000000000000e+02,2.400000000000000000e+01,-3.970501277837718603e-05,-9.710422711609081881e-02
0.000000000000000000e+00,2.800000000000000000e+01,0.000000000000000000e+00,0.000000000000000000e+00
4.000000000000000000e+00,2.800000000000000000e+01,-6.239723601682743096e-04,-7.766849435365842484e-03
8.000000000000000000e+00,2.800000000000000000e+01,-9.198717398436345467e-04,-1.562914630483896311e-02
1.200000000000000000e+01,2.800000000000000000e+01,-9.586888478676267684e-04,-2.344089488797872906e-02
1.600000000000000000e+01,2.800000000000000000e+01,-7.977593475394737519e-04,-3.104292433778937585e-02
2.000000000000000000e+01,2.800000000000000000e+01,-4.851361015121046015e-04,-3.828052591018553386e-02
2.400000000000000000e+01,2.800000000000000000e+01,-6.637214657434929092e-05,-4.502006697834082943e-02
2.800000000000000000e+01,2.800000000000000000e+01,4.101095013795696704e-04,-5.116143460138072169e-02
3.200000000000000000e+01,2.800000000000000000e+01,8.963108158254575256e-04,-5.665540531797847584e-02
3.600000000000000000e+01,2.800000000000000000e+01,1.352044028117732914e-03,-6.150355220733749739e-02
4.000000000000000000e+01,2.800000000000000000e+01,1.749768084666531451e-03,-6.574472209270645906e-02
4.400000000000000000e+01,2.800000000000000000e+01,2.075187687804607144e-03,-6.943907409734884073e-02
4.800000000000000000e+01,2.800000000000000000e+01,2.324986992549580092e-03,-7.265556769147055172e-02
5.200000000000000000e+01,2.800000000000000000e+01,2.503500649753030109e-03,-7.546402277710032025e-02
5.600000000000000000e+01,2.800000000000000000e+01,2.619503465313779717e-03,-7.793084754694971916e-02
6.000000000000000000e+01,2.800000000000000000e+01,2.683637218632787223e-03,-8.011717321863447150e-02
6.400000000000000000e+01,2.800000000000000000e+01,2.706575722455524784e-03,-8.207838997584894491e-02
6.800000000000000000e+01,2.800000000000000000e+01,2.697834676508847288e-03,-8.386443097633736188e-02
7.200000000000000000e+01,2.800000000000000000e+01,2.665074898183643261e-03,-8.552043269855311158e-02
7.600000000000000000e+01,2.800000000000000000e+01,2.613756550123656330e-03,-8.708758935789080724e-02
8.000000000000000000e+01,2.800000000000000000e+01,2.547036274234420680e-03,-8.860414151947026973e-02
8.400000000000000000e+01,2.800000000000000000e+01,2.465836322934658945e-03,-9.010652557254282546e-02
8.800000000000000000e+01,2.800000000000000000e+01,2.369041465284206244e-03,-9.163078745389414970e-02
9.200000000000000000e+01,2.800000000000000000e+01,2.253782358242952411e-03,-9.321444902264933163e-02
9.600000000000000000e+01,2.800000000000000000e+01,2.115722276119919032e-03,-9.489911366373716961e-02
1.000000000000000000e+02,2.800000000000000000e+01,1.949143016222598538e-03,-9.673417897608574401e-02
0.000000000000000000e+00,3.200000000000000000e+01,0.000000000000000000e+00,0.000000000000000000e+00
4.000000000000000000e+00,3.200000000000000000e+01,-5.502809534002942558e-04,-8.294870913906564336e-03
8.000000000000000000e+00,3.200000000000000000e+01,-7.263191195470494613e-04,-1.656797654053844548e-02
1.200000000000000000e+01,3.200000000000000000e+01,-5.920788924959405472e-04,-2.468832850867564571e-02
1.600000000000000000e+01,3.200000000000000000e+01,-2.068848238039418990e-04,-3.250969011206202020e-02
2.000000000000000000e+01,3.200000000000000000e+01,3.696226004026704581e-04,-3.988406249722423191e-02
2.400000000000000000e+01,3.200000000000000000e+01,1.072396622957640967e-03,-4.667866843994457338e-02
2.800000000000000000e+01,3.200000000000000000e+01,1.827448022389266836e-03,-5.279025122936722991e-02
3.200000000000000000e+01,3.200000000000000000e+01,2.562945667367815157e-03,-5.817909792941809710e-02
3.600000000000000000e+01,3.200000000000000000e+01,3.223333229325517010e-03,-6.286807194965134127e-02
4.000000000000000000e+01,3.200000000000000000e+01,3.775450307121432092e-03,-6.692050423330327125e-02
4.400000000000000000e+01,3.200000000000000000e+01,4.206865227009902800e-03,-7.041770543830186413e-02
4.800000000000000000e+01,3.200000000000000000e+01,4.520501982902545499e-03,-7.344384358209639363e-02
5.200000000000000000e+01,3.200000000000000000e+01,4.728762435833113592e-03,-7.607799944313799190e-02
5.600000000000000000e+01,3.200000000000000000e+01,4.848659654069708072e-03,-7.839101301169794367e-02
6.000000000000000000e+01,3.200000000000000000e+01,4.898343995685881282e-03,-8.044496337138873354e-02
6.400000000000000000e+01,3.200000000000000000e+01,4.894875346598882328e-03,-8.229388165915911546e-02
6.800000000000000000e+01,3.200000000000000000e+01,4.852933675900813863e-03,-8.398493351465619039e-02
7.200000000000000000e+01,3.200000000000000000e+01,4.784167418029213435e-03,-8.555971586929572714e-02
7.600000000000000000e+01,3.200000000000000000e+01,4.696943570259525663e-03,-8.705554442113502822e-02
8.000000000000000000e+01,3.200000000000000000e+01,4.596333497540270457e-03,-8.850673322288026001e-02
8.400000000000000000e+01,3.200000000000000000e+01,4.484224154862586492e-03,-8.994593954459909058e-02
8.800000000000000000e+01,3.200000000000000000e+01,4.359478122357475678e-03,-9.140569794444146356e-02
9.200000000000000000e+01,3.200000000000000000e+01,4.218072023687633246e-03,-9.292031172691574137e-02
9.600000000000000000e+01,3.200000000000000000e+01,4.053113466915485123e-03,-9.452830217180437089e-02
1.000000000000000000e+02,3.200000000000000000e+01,3.854562020579841829e-03,-9.627559619169211158e-02
0.000000000000000000e+00,3.600000000000000000e+01,0.000000000000000000e+00,0.000000000000000000e+00
4.000000000000000000e+00,3.600000000000000000e+01,-5.194927431779477632e-04,-8.883778657555577857e-03
8.000000000000000000e+00,3.600000000000000000e+01,-6.161530036092035742e-04,-1.764242005272014316e-02
1.200000000000000000e+01,3.600000000000000000e+01,-3.442597427322562033e-04,-2.615403356116560024e-02
1.600000000000000000e+01,3.600000000000000000e+01,2.398447081044385724e-04,-3.427442989166263471e-02
2.000000000000000000e+01,3.600000000000000000e+01,1.068823404286190892e-03,-4.184983152522829541e-02
2.400000000000000000e+01,3.600000000000000000e+01,2.058150929411486484e-03,-4.873676681213296585e-02
2.800000000000000000e+01,3.600000000000000000e+01,3.101365088224661108e-03,-5.481724981178268119e-02
3.200000000000000000e+01,3.600000000000000000e+01,4.095013582628937929e-03,-6.006639366884273384e-02
3.600000000000000000e+01,3.600000000000000000e+01,4.964295428558036793e-03,-6.454252992413951617e-02
4.000000000000000000e+01,3.600000000000000000e+01,5.670351817511532118e-03,-6.834671611968397287e-02
4.400000000000000000e+01,3.600000000000000000e+01,6.204392141425037026e-03,-7.159006431460693265e-02
4.800000000000000000e+01,3.600000000000000000e+01,6.577620230589757526e-03,-7.437625389902478845e-02
5.200000000000000000e+01,3.600000000000000000e+01,6.812033799817722793e-03,-7.679499416796717326e-02
5.600000000000000000e+01,3.600000000000000000e+01,6.933720952958172430e-03,-7.892129756629577553e-02
6.000000000000000000e+01,3.600000000000000000e+01,6.968593776382050152e-03,-8.081718716084489162e-02
6.400000000000000000e+01,3.600000000000000000e+01,6.939963064226948794e-03,-8.253408678955477529e-02
6.800000000000000000e+01,3.600000000000000000e+01,6.867333052459215562e-03,-8.411514312877274580e-02
7.200000000000000000e+01,3.600000000000000000e+01,6.765931630886654752e-03,-8.559724608605089047e-02
7.600000000000000000e+01,3.600000000000000000e+01,6.646642949258267825e-03,-8.701275010816124367e-02
8.000000000000000000e+01,3.600000000000000000e+01,6.516128322762986848e-03,-8.839099547463637185e-02
8.400000000000000000e+01,3.600000000000000000e+01,6.377000328263287068e-03,-8.975976528183932102e-02
8.800000000000000000e+01,3.600000000000000000e+01,6.227958292149921027e-03,-9.114682935469685388e-02
9.200000000000000000e+01,3.600000000000000000e+01,6.063806249622926206e-03,-9.258173324359415812e-02
9.600000000000000000e+01,3.600000000000000000e+01,5.875260689164278800e-03,-9.409798024046972520e-02
1.000000000000000000e+02,3.600000000000000000e+01,5.648421347152034373e-03,-9.573569319094138441e-02
0.000000000000000000e+00,4.000000000000000000e+01,0.000000000000000000e+00,0.000000000000000000e+00
4.000000000000000000e+00,4.000000000000000000e+01,-5.309225408535847611e-04,-9.533308782345978685e-03
8.000000000000000000e+00,4.000000000000000000e+01,-5.887381542241207789e-04,-1.885319897923387958e-02
1.200000000000000000e+01,4.000000000000000000e+01,-2.121059483082261105e-04,-2.784502556556741823e-02
1.600000000000000000e+01,4.000000000000000000e+01,5.521751916970689357e-04,-3.635581940337175022e-02
2.000000000000000000e+01,4.000000000000000000e+01,1.632866998092907113e-03,-4.421031495814033152e-02
2.400000000000000000e+01,4.000000000000000000e+01,2.924150507656494459e-03,-5.123707194962204281e-02
2.800000000000000000e+01,4.000000000000000000e+01,4.273828276937307637e-03,-5.728030439684643482e-02
3.200000000000000000e+01,4.000000000000000000e+01,5.535199505303619455e-03,-6.234060108163630431e-02
3.600000000000000000e+01,4.000000000000000000e+01,6.611277105829494079e-03,-6.653470797012422944e-02
4.000000000000000000e+01,4.000000000000000000e+01,7.460495363200154995e-03,-7.001951623350462228e-02
4.400000000000000000e+01,4.000000000000000000e+01,8.082373012290800657e-03,-7.294565916266192163e-02
4.800000000000000000e+01,4.000000000000000000e+01,8.500309529926076274e-03,-7.543979066501931008e-02
5.200000000000000000e+01,4.000000000000000000e+01,8.748326370886577372e-03,-7.760225567883476117e-02
5.600000000000000000e+01,4.000000000000000000e+01,8.862657912146030062e-03,-7.951075766988489890e-02
6.000000000000000000e+01,4.000000000000000000e+01,8.877101294818142210e-03,-8.122537783969849268e-02
6.400000000000000000e+01,4.000000000000000000e+01,8.820797418496600234e-03,-8.279313452412084828e-02
6.800000000000000000e+01,4.000000000000000000e+01,8.717414129880515783e-03,-8.425160879279725012e-02
7.200000000000000000e+01,4.000000000000000000e+01,8.585055283567998366e-03,-8.563169267959128139e-02
7.600000000000000000e+01,4.000000000000000000e+01,8.436488472505061786e-03,-8.695967932276585377e-02
8.000000000000000000e+01,4.000000000000000000e+01,8.279457632579595092e-03,-8.825893348874103150e-02
8.400000000000000000e+01,4.000000000000000000e+01,8.116945879013980070e-03,-8.955135688847688791e-02
8.800000000000000000e+01,4.000000000000000000e+01,7.947302341558793240e-03,-9.085883366121205729e-02
9.200000000000000000e+01,4.000000000000000000e+01,7.764162264999385950e-03,-9.220481496282915967e-02
9.600000000000000000e+01,4.000000000000000000e+01,7.556085701938925966e-03,-9.361616743462596035e-02
1.000000000000000000e+02,4.000000000000000000e+01,7.305831677864635561e-03,-9.512534347718126782e-02
0.000000000000000000e+00,4.400000000000000000e+01,0.000000000000000000e+00,0.000000000000000000e+00
4.000000000000000000e+00,4.400000000000000000e+01,-5.875106143064971276e-04,-1.023694808042571215e-02
8.000000000000000000e+00,4.400000000000000000e+01,-6.531256131577425211e-04,-2.019588092885393066e-02
1.200000000000000000e+01,4.400000000000000000e+01,-2.084604780484005813e-04,-2.976947076081117027e-02
1.600000000000000000e+01,4.400000000000000000e+01,7.199244524519930136e-04,-3.878266187684641098e-02
2.000000000000000000e+01,4.400000000000000000e+01,2.062669236194066957e-03,-4.701704481193100943e-02
2.400000000000000000e+01,4.400000000000000000e+01,3.689538763374371547e-03,-5.424697156651508284e-02
2.800000000000000000e+01,4.400000000000000000e+01,5.377305455142109523e-03,-6.023339717834895468e-02
3.200000000000000000e+01,4.400000000000000000e+01,6.917971413121721917e-03,-6.502849729259725653e-02
3.600000000000000000e+01,4.400000000000000000e+01,8.191703077512617684e-03,-6.884669798351689129e-02
4.000000000000000000e+01,4.400000000000000000e+01,9.162160188942591529e-03,-7.192508488840088088e-02
4.400000000000000000e+01,4.400000000000000000e+01,9.845695617249341711e-03,-7.446326907058126165e-02
4.800000000000000000e+01,4.400000000000000000e+01,1.028382783588763401e-02,-7.661184405790347207e-02
5.200000000000000000e+01,4.400000000000000000e+01,1.052564961283500820e-02,-7.847925526439024357e-02
5.600000000000000000e+01,4.400000000000000000e+01,1.061847407327585861e-02,-8.014253820810804396e-02
6.000000000000000000e+01,4.400000000000000000e+01,1.060366482781496464e-02,-8.165677630270910814e-02
6.400000000000000000e+01,4.400000000000000000e+01,1.051528139957178844e-02,-8.306215489833333743e-02
6.800000000000000000e+01,4.400000000000000000e+01,1.038006873353529078e-02,-8.438886945831693132e-02
7.200000000000000000e+01,4.400000000000000000e+01,1.021797686275176427e-02,-8.566046267508928280e-02
7.600000000000000000e+01,4.400000000000000000e+01,1.004279520701467990e-02,-8.689612442864873276e-02
8.000000000000000000e+01,4.400000000000000000e+01,9.862701010343323180e-03,-8.811236566175487117e-02
8.400000000000000000e+01,4.400000000000000000e+01,9.680624502162364295e-03,-8.932436495815591904e-02
8.800000000000000000e+01,4.400000000000000000e+01,9.494373518688521349e-03,-9.054720560138547480e-02
9.200000000000000000e+01,4.400000000000000000e+01,9.296467940819402517e-03,-9.179716559580985979e-02
9.600000000000000000e+01,4.400000000000000000e+01,9.073629306423127913e-03,-9.309317822103872764e-02
1.000000000000000000e+02,4.400000000000000000e+01,8.805871199875789368e-03,-9.445852677120167296e-02
0.000000000000000000e+00,4.800000000000000000e+01,0.000000000000000000e+00,0.000000000000000000e+00
4.000000000000000000e+00,4.800000000000000000e+01,-6.936016401419183844e-04,-1.097624337975071536e-02
8.000000000000000000e+00,4.800000000000000000e+01,-8.252039476514968185e-04,-2.165324229146789806e-02
1.200000000000000000e+01,4.800000000000000000e+01,-3.599114838552362359e-04,-3.193042114652636099e-02
1.600000000000000000e+01,4.800000000000000000e+01,7.143360780340522959e-04,-4.159218726317950865e-02
2.000000000000000000e+01,4.800000000000000000e+01,2.341442682524061576e-03,-5.034571040097161887e-02
2.400000000000000000e+01,4.800000000000000000e+01,4.364114346657481901e-03,-5.787047602344980862e-02
2.800000000000000000e+01,4.800000000000000000e+01,6.439587658725087586e-03,-6.375159379507831792e-02
3.200000000000000000e+01,4.800000000000000000e+01,8.271395034784547601e-03,-6.815866271041294555e-02
3.600000000000000000e+01,4.800000000000000000e+01,9.722666210092581821e-03,-7.147116532090151686e-02
4.000000000000000000e+01,4.800000000000000000e+01,1.077855473600649282e-02,-7.403671940378064864e-02
4.400000000000000000e+01,4.800000000000000000e+01,1.148567354144486123e-02,-7.610972800876958377e-02
4.800000000000000000e+01,4.800000000000000000e+01,1.191123790973381072e-02,-7.786045701138660791e-02
5.200000000000000000e+01,4.800000000000000000e+01,1.212229973068694282e-02,-7.939886891048168749e-02
5.600000000000000000e+01,4.800000000000000000e+01,1.217733601442644309e-02,-8.079547467603274968e-02
6.000000000000000000e+01,4.800000000000000000e+01,1.212403457365529742e-02,-8.209599406545786682e-02
6.400000000000000000e+01,4.800000000000000000e+01,1.199971021363061170e-02,-8.333079199477898269e-02
6.800000000000000000e+01,4.800000000000000000e+01,1.183257269325619504e-02,-8.452071864412635804e-02
7.200000000000000000e+01,4.800000000000000000e+01,1.164306098213543916e-02,-8.568068928115279981e-02
7.600000000000000000e+01,4.800000000000000000e+01,1.144494568988237496e-02,-8.682192033902390305e-02
8.000000000000000000e+01,4.800000000000000000e+01,1.124611217410101567e-02,-8.795340634581567951e-02
8.400000000000000000e+01,4.800000000000000000e+01,1.104900930423337486e-02,-8.908300233165408755e-02
8.800000000000000000e+01,4.800000000000000000e+01,1.085075820353138820e-02,-9.021834349053650670e-02
9.200000000000000000e+01,4.800000000000000000e+01,1.064290020977407686e-02,-9.136775755633023965e-02
9.600000000000000000e+01,4.800000000000000000e+01,1.041074489844220560e-02,-9.254128020498351981e-02
1.000000000000000000e+02,4.800000000000000000e+01,1.013227295626763225e-02,-9.375185166971930495e-02
0.000000000000000000e+00,5.200000000000000000e+01,0.000000000000000000e+00,0.000000000000000000e+00
4.000000000000000000e+00,5.200000000000000000e+01,-8.497519073154119734e-04,-1.171337795620423262e-02
8.000000000000000000e+00,5.200000000000000000e+01,-1.120708787456536166e-03,-2.318463230689650836e-02
1.200000000000000000e+01,5.200000000000000000e+01,-7.020048324479433643e-04,-3.431630925407331417e-02
1.600000000000000000e+01,5.200000000000000000e+01,4.891108311590197134e-04,-4.482704674805703532e-02
2.000000000000000000e+01,5.200000000000000000e+01,2.434695897095740750e-03,-5.430429070654760326e-02
2.400000000000000000e+01,5.200000000000000000e+01,4.953760934529143067e-03,-6.226908210791317483e-02
2.800000000000000000e+01,5.200000000000000000e+01,7.488798386044103438e-03,-6.793526242953408512e-02
3.200000000000000000e+01,5.200000000000000000e+01,9.616981706402521687e-03,-7.175491738324009383e-02
3.600000000000000000e+01,5.200000000000000000e+01,1.120650833378585183e-02,-7.438368027050246134e-02
4.000000000000000000e+01,5.200000000000000000e+01,1.229383184090074820e-02,-7.631016420839982495e-02
4.400000000000000000e+01,5.200000000000000000e+01,1.297455165941333380e-02,-7.783855646432638609e-02
4.800000000000000000e+01,5.200000000000000000e+01,1.334934361730498453e-02,-7.914522877513487098e-02
5.200000000000000000e+01,5.200000000000000000e+01,1.350436427453236173e-02,-8.032943603337487637e-02
5.600000000000000000e+01,5.200000000000000000e+01,1.350738534247572335e-02,-8.144650114291418497e-02
6.000000000000000000e+01,5.200000000000000000e+01,1.340965497458399859e-02,-8.252730199139519940e-02
6.400000000000000000e+01,5.200000000000000000e+01,1.324909809871441940e-02,-8.358915497605307054e-02
6.800000000000000000e+01,5.200000000000000000e+01,1.305323696366191173e-02,-8.464175269954431202e-02
7.200000000000000000e+01,5.200000000000000000e+01,1.284140293192618729e-02,-8.569039176166505511e-02
7.600000000000000000e+01,5.200000000000000000e+01,1.262624826514266614e-02,-8.673776163643731607e-02
8.000000000000000000e+01,5.200000000000000000e+01,1.241467942872100279e-02,-8.778498898695222263e-02
8.400000000000000000e+01,5.200000000000000000e+01,1.220832134101280941e-02,-8.883231088035331569e-02
8.800000000000000000e+01,5.200000000000000000e+01,1.200357203099566838e-02,-8.987958209122894060e-02
9.200000000000000000e+01,5.200000000000000000e+01,1.179125447231154852e-02,-9.092673965491203381e-02
9.600000000000000000e+01,5.200000000000000000e+01,1.155583082972741482e-02,-9.197431333785344165e-02
1.000000000000000000e+02,5.200000000000000000e+01,1.127412183434481352e-02,-9.302406448421819685e-02
0.000000000000000000e+00,5.600000000000000000e+01,0.000000000000000000e+00,0.000000000000000000e+00
4.000000000000000000e+00,5.600000000000000000e+01,-1.040438952287633381e-03,-1.238375407578504346e-02
8.000000000000000000e+00,5.600000000000000000e+01,-1.535868128908419658e-03,-2.471087050387282477e-02
1.200000000000000000e+01,5.600000000000000000e+01,-1.263896615747081825e-03,-3.688361874917625571e-02
1.600000000000000000e+01,5.600000000000000000e+01,-1.496412075015161519e-05,-4.852677218735192144e-02
2.000000000000000000e+01,5.600000000000000000e+01,2.288582687442989195e-03,-5.904447933100795409e-02
2.400000000000000000e+01,5.600000000000000000e+01,5.467710510605912344e-03,-6.769980069248619781e-02
2.800000000000000000e+01,5.600000000000000000e+01,8.557380725332200400e-03,-7.291012038521221816e-02
3.200000000000000000e+01,5.600000000000000000e+01,1.096410971133388208e-02,-7.582101851126277214e-02
3.600000000000000000e+01,5.600000000000000000e+01,1.262011681581073907e-02,-7.753018968647419629e-02
4.000000000000000000e+01,5.600000000000000000e+01,1.366254621719662637e-02,-7.867805769751147482e-02
4.400000000000000000e+01,5.600000000000000000e+01,1.425781402551053526e-02,-7.958977958745462600e-02
4.800000000000000000e+01,5.600000000000000000e+01,1.454433408343354557e-02,-8.041997763608982330e-02
5.200000000000000000e+01,5.600000000000000000e+01,1.462409098118216434e-02,-8.123838975112440686e-02
5.600000000000000000e+01,5.600000000000000000e+01,1.456892195948836580e-02,-8.207419038176701209e-02
6.000000000000000000e+01,5.600000000000000000e+01,1.442885116006602415e-02,-8.293761769709222242e-02
6.400000000000000000e+01,5.600000000000000000e+01,1.423878670358541890e-02,-8.383013562799886131e-02
6.800000000000000000e+01,5.600000000000000000e+01,1.402308335332521326e-02,-8.474906694627089287e-02
7.200000000000000000e+01,5.600000000000000000e+01,1.379839054283520626e-02,-8.568965651894082380e-02
7.600000000000000000e+01,5.600000000000000000e+01,1.357531722172571585e-02,-8.664597671937956935e-02
8.000000000000000000e+01,5.600000000000000000e+01,1.335932033990917464e-02,-8.761131868306472337e-02
8.400000000000000000e+01,5.600000000000000000e+01,1.315106496108277810e-02,-8.857834825439489523e-02
8.800000000000000000e+01,5.600000000000000000e+01,1.294637103384451739e-02,-8.953914340187525689e-02
9.200000000000000000e+01,5.600000000000000000e+01,1.273576435459244753e-02,-9.048516795760527809e-02
9.600000000000000000e+01,5.600000000000000000e+01,1.250358254385390035e-02,-9.140722560353198300e-02
1.000000000000000000e+02,5.600000000000000000e+01,1.222654542232637018e-02,-9.229545935404588619e-02
0.000000000000000000e+00,6.000000000000000000e+01,0.000000000000000000e+00,0.000000000000000000e+00
4.000000000000000000e+00,6.000000000000000000e+01,-1.211508649907699952e-03,-1.289743311368622518e-02
8.000000000000000000e+00,6.000000000000000000e+01,-2.000312728417059493e-03,-2.609589467194209367e-02
1.200000000000000000e+01,6.000000000000000000e+01,-2.022762745943304519e-03,-3.952207456479456260e-02
1.600000000000000000e+01,6.000000000000000000e+01,-8.515639573583877204e-04,-5.270206797646560110e-02
2.000000000000000000e+01,6.000000000000000000e+01,1.825405963321706472e-03,-6.477425934511982231e-02
2.400000000000000000e+01,6.000000000000000000e+01,5.927519309510122410e-03,-7.458709355177318978e-02
2.800000000000000000e+01,6.000000000000000000e+01,9.679533372704144170e-03,-7.881308935902590906e-02
3.200000000000000000e+01,6.000000000000000000e+01,1.229080319293370145e-02,-8.031046892000953674e-02
3.600000000000000000e+01,6.000000000000000000e+01,1.389226105712347038e-02,-8.081002803594165840e-02
4.000000000000000000e+01,6.000000000000000000e+01,1.479248846386452439e-02,-8.104629879780549107e-02
4.400000000000000000e+01,6.000000000000000000e+01,1.524470679234267087e-02,-8.129356645030480499e-02
4.800000000000000000e+01,6.000000000000000000e+01,1.541863825863939129e-02,-8.163884548441686928e-02
5.200000000000000000e+01,6.000000000000000000e+01,1.542077147411811434e-02,-8.209824598039826282e-02
5.600000000000000000e+01,6.000000000000000000e+01,1.531730405665757480e-02,-8.266361220883647332e-02
6.000000000000000000e+01,6.000000000000000000e+01,1.515037594162502166e-02,-8.332005540954373624e-02
6.400000000000000000e+01,6.000000000000000000e+01,1.494786602805264764e-02,-8.405182751070461311e-02
6.800000000000000000e+01,6.000000000000000000e+01,1.472879241442370812e-02,-8.484381755582197371e-02
7.200000000000000000e+01,6.000000000000000000e+01,1.450609023856845418e-02,-8.568159318221575671e-02
7.600000000000000000e+01,6.000000000000000000e+01,1.428794153522596790e-02,-8.655106711023013988e-02
8.000000000000000000e+01,6.000000000000000000e+01,1.407833158047571906e-02,-8.743811706380284765e-02
8.400000000000000000e+01,6.000000000000000000e+01,1.387716665011196580e-02,-8.832820449383785300e-02
8.800000000000000000e+01,6.000000000000000000e+01,1.368007529803564638e-02,-8.920595048300324070e-02
9.200000000000000000e+01,6.000000000000000000e+01,1.347788491995312310e-02,-9.005461960556369883e-02
9.600000000000000000e+01,6.000000000000000000e+01,1.325568406868249047e-02,-9.085548843774512995e-02
1.000000000000000000e+02,6.000000000000000000e+01,1.299132759087595797e-02,-9.158712320362626114e-02
0.000000000000000000e+00,6.400000000000000000e+01,0.000000000000000000e+00,0.000000000000000000e+00
4.000000000000000000e+00,6.400000000000000000e+01,-1.254885001002237210e-03,-1.317538553974629059e-02
8.000000000000000000e+00,6.400000000000000000e+01,-2.291831139390936110e-03,-2.714589553723676177e-02
1.200000000000000000e+01,6.400000000000000000e+01,-2.776796835120206274e-03,-4.198486262150168125e-02
1.600000000000000000e+01,6.400000000000000000e+01,-1.999995425744194311e-03,-5.725750667555040002e-02
2.000000000000000000e+01,6.400000000000000000e+01,9.328667148536378415e-04,-7.175955193515368147e-02
2.400000000000000000e+01,6.400000000000000000e+01,6.369506431536192670e-03,-8.366481348875477730e-02
2.800000000000000000e+01,6.400000000000000000e+01,1.086226006972910649e-02,-8.573876111694553326e-02
3.200000000000000000e+01,6.400000000000000000e+01,1.349186083997231354e-02,-8.507483992282439955e-02
3.600000000000000000e+01,6.400000000000000000e+01,1.486029917728366560e-02,-8.405993545926304655e-02
4.000000000000000000e+01,6.400000000000000000e+01,1.552063854784828216e-02,-8.329908810262773300e-02
4.400000000000000000e+01,6.400000000000000000e+01,1.580059135615873717e-02,-8.288209385501703330e-02
4.800000000000000000e+01,6.400000000000000000e+01,1.587325492479515349e-02,-8.276781735005210583e-02
5.200000000000000000e+01,6.400000000000000000e+01,1.582756514985854054e-02,-8.289535175102616393e-02
5.600000000000000000e+01,6.400000000000000000e+01,1.571079271642467426e-02,-8.321213837253116363e-02
6.000000000000000000e+01,6.400000000000000000e+01,1.555051671752473788e-02,-8.367741127231946574e-02
6.400000000000000000e+01,6.400000000000000000e+01,1.536489806083317193e-02,-8.425943124765937486e-02
6.800000000000000000e+01,6.400000000000000000e+01,1.516699745135828559e-02,-8.493215092901469643e-02
7.200000000000000000e+01,6.400000000000000000e+01,1.496632574208957810e-02,-8.567270463499837563e-02
7.600000000000000000e+01,6.400000000000000000e+01,1.476923445603013467e-02,-8.645977087855490073e-02
8.000000000000000000e+01,6.400000000000000000e+01,1.457887816088729478e-02,-8.727251048645340292e-02
8.400000000000000000e+01,6.400000000000000000e+01,1.439502240198182841e-02,-8.808976426675908800e-02
8.800000000000000000e+01,6.400000000000000000e+01,1.421373734248652758e-02,-8.888926166669705586e-02
9.200000000000000000e+01,6.400000000000000000e+01,1.402689438314251059e-02,-8.964666889896290292e-02
9.600000000000000000e+01,6.400000000000000000e+01,1.382131040563336181e-02,-9.033437495765019032e-02
1.000000000000000000e+02,6.400000000000000000e+01,1.357733203525612019e-02,-9.091998263267382641e-02
0.000000000000000000e+00,6.800000000000000000e+01,0.000000000000000000e+00,0.000000000000000000e+00
4.000000000000000000e+00,6.800000000000000000e+01,-1.029548003363031129e-03,-1.322457731024938819e-02
8.000000000000000000e+00,6.800000000000000000e+01,-2.027548060021360822e-03,-2.774233437598469174e-02
1.200000000000000000e+01,6.800000000000000000e+01,-2.839579700782596510e-03,-4.379943945273617745e-02
1.600000000000000000e+01,6.800000000000000000e+01,-3.068312468699878511e-03,-6.174524518847884086e-02
2.000000000000000000e+01,6.800000000000000000e+01,-5.470925056872198537e-04,-8.025570139346964449e-02
2.400000000000000000e+01,6.800000000000000000e+01,6.786627257465658973e-03,-9.627175029150064622e-02
2.800000000000000000e+01,6.800000000000000000e+01,1.196161060897614654e-02,-9.359049651609546716e-02
3.200000000000000000e+01,6.800000000000000000e+01,1.425315494181581509e-02,-8.979509454455476825e-02
3.600000000000000000e+01,6.800000000000000000e+01,1.519894984652470776e-02,-8.705842518773292127e-02
4.000000000000000000e+01,6.800000000000000000e+01,1.559158488392431083e-02,-8.532585434296489912e-02
4.400000000000000000e+01,6.800000000000000000e+01,1.575364363507263804e-02,-8.431513284121551488e-02
4.800000000000000000e+01,6.800000000000000000e+01,1.580537934615486306e-02,-8.380244253735158466e-02
5.200000000000000000e+01,6.800000000000000000e+01,1.579023549428952913e-02,-8.364014931956129106e-02
5.600000000000000000e+01,6.800000000000000000e+01,1.572622486183601273e-02,-8.373447192723379451e-02
6.000000000000000000e+01,6.800000000000000000e+01,1.562470359635819046e-02,-8.402406923916568016e-02
6.400000000000000000e+01,6.800000000000000000e+01,1.549587637537276283e-02,-8.446553695595497568e-02
6.800000000000000000e+01,6.800000000000000000e+01,1.534944979358373977e-02,-8.502477632074521841e-02
7.200000000000000000e+01,6.800000000000000000e+01,1.519388995176929220e-02,-8.567223915530090828e-02
7.600000000000000000e+01,6.800000000000000000e+01,1.503556281823743845e-02,-8.638041546918041880e-02
8.000000000000000000e+01,6.800000000000000000e+01,1.487812209972715592e-02,-8.712244908922577025e-02
8.400000000000000000e+01,6.800000000000000000e+01,1.472215052348121826e-02,-8.787117260341294200e-02
8.800000000000000000e+01,6.800000000000000000e+01,1.456492716668460891e-02,-8.859811950713226969e-02
9.200000000000000000e+01,6.800000000000000000e+01,1.440013641949797196e-02,-8.927223543284698581e-02
9.600000000000000000e+01,6.800000000000000000e+01,1.421729235774495982e-02,-8.985811458949932717e-02
1.000000000000000000e+02,6.800000000000000000e+01,1.400060712011873612e-02,-9.031366523011506720e-02
0.000000000000000000e+00,7.200000000000000000e+01,0.000000000000000000e+00,0.000000000000000000e+00
4.000000000000000000e+00,7.200000000000000000e+01,-4.185318440276390478e-04,-1.319546146995229964e-02
8.000000000000000000e+00,7.200000000000000000e+01,-8.265864041769755560e-04,-2.806090434531461481e-02
1.200000000000000000e+01,7.200000000000000000e+01,-1.224118552226071896e-03,-4.484081677951297362e-02
1.600000000000000000e+01,7.200000000000000000e+01,-1.779783460400069474e-03,-6.454431657810728862e-02
2.000000000000000000e+01,7.200000000000000000e+01,-2.529576889935613877e-03,-8.996695558901234013e-02
2.400000000000000000e+01,7.200000000000000000e+01,6.622552469469460135e-03,-1.150475728510823858e-01
2.800000000000000000e+01,7.200000000000000000e+01,1.221549375490121013e-02,-1.017461132875080443e-01
3.200000000000000000e+01,7.200000000000000000e+01,1.378435765985048383e-02,-9.395590955262743404e-02
3.600000000000000000e+01,7.200000000000000000e+01,1.434876417549630322e-02,-8.959854946741191428e-02
4.000000000000000000e+01,7.200000000000000000e+01,1.468389819852714689e-02,-8.708782681522282687e-02
4.400000000000000000e+01,7.200000000000000000e+01,1.494971820663363107e-02,-8.562030878292400948e-02
4.800000000000000000e+01,7.200000000000000000e+01,1.515975640861452235e-02,-8.478685905513132226e-02
5.200000000000000000e+01,7.200000000000000000e+01,1.530527380850689977e-02,-8.437351897286676783e-02
5.600000000000000000e+01,7.200000000000000000e+01,1.538401175070928245e-02,-8.426273658948581213e-02
6.000000000000000000e+01,7.200000000000000000e+01,1.540255554879686219e-02,-8.438365193755180405e-02
6.400000000000000000e+01,7.200000000000000000e+01,1.537265916658682452e-02,-8.468727062566035191e-02
6.800000000000000000e+01,7.200000000000000000e+01,1.530741675943975838e-02,-8.513442762009071352e-02
7.200000000000000000e+01,7.200000000000000000e+01,1.521863420707380080e-02,-8.569020934204471529e-02
7.600000000000000000e+01,7.200000000000000000e+01,1.511538585558232922e-02,-8.632147214704330440e-02
8.000000000000000000e+01,7.200000000000000000e+01,1.500342067374181750e-02,-8.699567339893611584e-02
8.400000000000000000e+01,7.200000000000000000e+01,1.488508541560315014e-02,-8.768006020745641726e-02
8.800000000000000000e+01,7.200000000000000000e+01,1.475949853646361595e-02,-8.834067780825040350e-02
9.200000000000000000e+01,7.200000000000000000e+01,1.462274259408693870e-02,-8.894086077355649322e-02
9.600000000000000000e+01,7.200000000000000000e+01,1.446782156403777532e-02,-8.943897326656094493e-02
1.000000000000000000e+02,7.200000000000000000e+01,1.428406692442131531e-02,-8.978523332011165148e-02
0.000000000000000000e+00,7.600000000000000000e+01,0.000000000000000000e+00,0.000000000000000000e+00
4.000000000000000000e+00,7.600000000000000000e+01,6.080709406081862261e-04,-1.335411879854578841e-02
8.000000000000000000e+00,7.600000000000000000e+01,1.450750218345075743e-03,-2.861048320930479130e-02
1.200000000000000000e+01,7.600000000000000000e+01,2.641673125904558245e-03,-4.593327256109893536e-02
1.600000000000000000e+01,7.600000000000000000e+01,4.153398290000834096e-03,-6.627145769755593552e-02
2.000000000000000000e+01,7.600000000000000000e+01,5.304443614067165004e-03,-9.310856497947787858e-02
2.400000000000000000e+01,7.600000000000000000e+01,-9.410364872635462643e-04,-1.468555871552683634e-01
2.800000000000000000e+01,7.600000000000000000e+01,8.617970626292392050e-03,-1.086042212855402173e-01
3.200000000000000000e+01,7.600000000000000000e+01,1.054485669481026663e-02,-9.708568165385071669e-02
3.600000000000000000e+01,7.600000000000000000e+01,1.169129841890014475e-02,-9.169407969546557180e-02
4.000000000000000000e+01,7.600000000000000000e+01,1.264026743286405206e-02,-8.871626072389401929e-02
4.400000000000000000e+01,7.600000000000000000e+01,1.342424417320876168e-02,-8.692405999301523745e-02
4.800000000000000000e+01,7.600000000000000000e+01,1.403378651330795639e-02,-8.581397885463169783e-02
5.200000000000000000e+01,7.600000000000000000e+01,1.447665832754197433e-02,-8.515646238423511816e-02
5.600000000000000000e+01,7.600000000000000000e+01,1.477558769966959458e-02,-8.483482134765056581e-02
6.000000000000000000e+01,7.600000000000000000e+01,1.495943737681447797e-02,-8.477932933131819560e-02
6.400000000000000000e+01,7.600000000000000000e+01,1.505670375013781585e-02,-8.493922137892245816e-02
6.800000000000000000e+01,7.600000000000000000e+01,1.509196898323155074e-02,-8.527106796607944461e-02
7.200000000000000000e+01,7.600000000000000000e+01,1.508447136884353765e-02,-8.573428785812904629e-02
7.600000000000000000e+01,7.600000000000000000e+01,1.504793391649277175e-02,-8.628960186335006555e-02
8.000000000000000000e+01,7.600000000000000000e+01,1.499104521777006732e-02,-8.689848951799894472e-02
8.400000000000000000e+01,7.600000000000000000e+01,1.491823993445065381e-02,-8.752273325704786056e-02
8.800000000000000000e+01,7.600000000000000000e+01,1.483060061855716143e-02,-8.812355872608676477e-02
9.200000000000000000e+01,7.600000000000000000e+01,1.472676381694404922e-02,-8.866002218710584970e-02
9.600000000000000000e+01,7.600000000000000000e+01,1.460365260819536729e-02,-8.908633743365047819e-02
1.000000000000000000e+02,7.600000000000000000e+01,1.445670835739011964e-02,-8.934787151435243102e-02
0.000000000000000000e+00,8.000000000000000000e+01,0.000000000000000000e+00,0.000000000000000000e+00
4.000000000000000000e+00,8.000000000000000000e+01,1.550120568654707407e-03,-1.370499480103084221e-02
8.000000000000000000e+00,8.000000000000000000e+01,3.426205838422733026e-03,-2.939196270188529012e-02
1.200000000000000000e+01,8.000000000000000000e+01,5.668856620976986740e-03,-4.705740787983048179e-02
1.600000000000000000e+01,8.000000000000000000e+01,8.093146061202491706e-03,-6.708007587054816423e-02
2.000000000000000000e+01,8.000000000000000000e+01,9.804074779292478933e-03,-9.067784707916418108e-02
2.400000000000000000e+01,8.000000000000000000e+01,7.583171425272905962e-03,-1.196326183218040518e-01
2.800000000000000000e+01,8.000000000000000000e+01,1.654324777728586595e-03,-1.098376492354536660e-01
3.200000000000000000e+01,8.000000000000000000e+01,5.252301873821028574e-03,-9.920617880784744769e-02
3.600000000000000000e+01,8.000000000000000000e+01,8.116301720751409321e-03,-9.371522549711362726e-02
4.000000000000000000e+01,8.000000000000000000e+01,1.020598552178649324e-02,-9.048470005711693742e-02
4.400000000000000000e+01,8.000000000000000000e+01,1.171663705249731229e-02,-8.838509636315527995e-02
4.800000000000000000e+01,8.000000000000000000e+01,1.279411678249129172e-02,-8.696557513283498242e-02
5.200000000000000000e+01,8.000000000000000000e+01,1.354807033336464551e-02,-8.602705273219865556e-02
5.600000000000000000e+01,8.000000000000000000e+01,1.406375706066685834e-02,-8.546657123527835742e-02
6.000000000000000000e+01,8.000000000000000000e+01,1.440739688658483966e-02,-8.521698945582745210e-02
6.400000000000000000e+01,8.000000000000000000e+01,1.462921627808029881e-02,-8.522371776253197251e-02
6.800000000000000000e+01,8.000000000000000000e+01,1.476601015225574055e-02,-8.543646215306358038e-02
7.200000000000000000e+01,8.000000000000000000e+01,1.484361429632809898e-02,-8.580684763562353157e-02
7.600000000000000000e+01,8.000000000000000000e+01,1.487921472848499106e-02,-8.628805653702514844e-02
8.000000000000000000e+01,8.000000000000000000e+01,1.488338393079518922e-02,-8.683489570247562850e-02
8.400000000000000000e+01,8.000000000000000000e+01,1.486183921503686153e-02,-8.740365793709521658e-02
8.800000000000000000e+01,8.000000000000000000e+01,1.481703987359281847e-02,-8.795144699378899811e-02
9.200000000000000000e+01,8.000000000000000000e+01,1.474978648194227686e-02,-8.843461936490189246e-02
9.600000000000000000e+01,8.000000000000000000e+01,1.466085770074126125e-02,-8.880588692946685125e-02
1.000000000000000000e+02,8.000000000000000000e+01,1.455239761639664196e-02,-8.900958497758083843e-02
0.000000000000000000e+00,8.400000000000000000e+01,0.000000000000000000e+00,0.000000000000000000e+00
4.000000000000000000e+00,8.400000000000000000e+01,2.262796223271340296e-03,-1.404699431219128339e-02
8.000000000000000000e+00,8.400000000000000000e+01,4.757556169142797449e-03,-3.011228819493405595e-02
1.200000000000000000e+01,8.400000000000000000e+01,7.378351582649644684e-03,-4.785822908709915641e-02
1.600000000000000000e+01,8.400000000000000000e+01,9.731411886002270389e-03,-6.699267866642545644e-02
2.000000000000000000e+01,8.400000000000000000e+01,1.088101584635993088e-02,-8.706737144167984999e-02
2.400000000000000000e+01,8.400000000000000000e+01,9.082507461457993425e-03,-1.055141968771925592e-01
2.800000000000000000e+01,8.400000000000000000e+01,4.822024492198053423e-03,-1.045093400010423806e-01
3.200000000000000000e+01,8.400000000000000000e+01,4.865790160276729434e-03,-1.002016557226680094e-01
3.600000000000000000e+01,8.400000000000000000e+01,7.021056003437392209e-03,-9.569333139615306127e-02
4.000000000000000000e+01,8.400000000000000000e+01,9.081012250917522288e-03,-9.237787316466598841e-02
4.400000000000000000e+01,8.400000000000000000e+01,1.070494095949836577e-02,-8.995713249438845593e-02
4.800000000000000000e+01,8.400000000000000000e+01,1.191061120109992467e-02,-8.818886200731382297e-02
5.200000000000000000e+01,8.400000000000000000e+01,1.278216009539714579e-02,-8.693883771661674309e-02
5.600000000000000000e+01,8.400000000000000000e+01,1.340454279110557534e-02,-8.612235724890490718e-02
6.000000000000000000e+01,8.400000000000000000e+01,1.384744618862117881e-02,-8.567197770146708913e-02
6.400000000000000000e+01,8.400000000000000000e+01,1.416304223943289434e-02,-8.552537038871985131e-02
6.800000000000000000e+01,8.400000000000000000e+01,1.438813344171698851e-02,-8.562225781838322947e-02
7.200000000000000000e+01,8.400000000000000000e+01,1.454744595766996329e-02,-8.590447994962961686e-02
7.600000000000000000e+01,8.400000000000000000e+01,1.465680646867229334e-02,-8.631666385424345556e-02
8.000000000000000000e+01,8.400000000000000000e+01,1.472576939963504174e-02,-8.680664942249861904e-02
8.400000000000000000e+01,8.400000000000000000e+01,1.475967833770849141e-02,-8.732549858037647050e-02
8.800000000000000000e+01,8.400000000000000000e+01,1.476140458341764286e-02,-8.782704806324787006e-02
9.200000000000000000e+01,8.400000000000000000e+01,1.473321371377161321e-02,-8.826672586995909509e-02
9.600000000000000000e+01,8.400000000000000000e+01,1.467920379370076488e-02,-8.859891708715376957e-02
1.000000000000000000e+02,8.400000000000000000e+01,1.460825152188529458e-02,-8.877188796877624744e-02
0.000000000000000000e+00,8.800000000000000000e+01,0.000000000000000000e+00,0.000000000000000000e+00
4.000000000000000000e+00,8.800000000000000000e+01,3.003378703472579358e-03,-1.426430640582181976e-02
8.000000000000000000e+00,8.800000000000000000e+01,6.050977882084845189e-03,-3.065942466115216883e-02
1.200000000000000000e+01,8.800000000000000000e+01,8.912686951900327184e-03,-4.834959598658562091e-02
1.600000000000000000e+01,8.800000000000000000e+01,1.113193751223904779e-02,-6.651376386932260354e-02
2.000000000000000000e+01,8.800000000000000000e+01,1.200871590586748312e-02,-8.391680513673208108e-02
2.400000000000000000e+01,8.800000000000000000e+01,1.075698453800701462e-02,-9.767260163283168761e-02
2.800000000000000000e+01,8.800000000000000000e+01,8.087874111000779853e-03,-1.004222745598974537e-01
3.200000000000000000e+01,8.800000000000000000e+01,7.296496800161512107e-03,-9.945489417933763010e-02
3.600000000000000000e+01,8.800000000000000000e+01,7.967194350000558409e-03,-9.678875887656369914e-02
4.000000000000000000e+01,8.800000000000000000e+01,9.218677905112165546e-03,-9.385691204405403887e-02
4.400000000000000000e+01,8.800000000000000000e+01,1.042853237736483460e-02,-9.131033819639974847e-02
4.800000000000000000e+01,8.800000000000000000e+01,1.143017638583745769e-02,-8.928031098679133082e-02
5.200000000000000000e+01,8.800000000000000000e+01,1.221898561962533186e-02,-8.776595279329954535e-02
5.600000000000000000e+01,8.800000000000000000e+01,1.283353228863926519e-02,-8.672549746935631632e-02
6.000000000000000000e+01,8.800000000000000000e+01,1.331521223307755193e-02,-8.609913787144606034e-02
6.400000000000000000e+01,8.800000000000000000e+01,1.369664388819444301e-02,-8.581904114985089427e-02
6.800000000000000000e+01,8.800000000000000000e+01,1.400040500293144204e-02,-8.581567117301587555e-02
7.200000000000000000e+01,8.800000000000000000e+01,1.424101748211844751e-02,-8.602168856080590065e-02
7.600000000000000000e+01,8.800000000000000000e+01,1.442745267201061068e-02,-8.637396209335680697e-02
8.000000000000000000e+01,8.800000000000000000e+01,1.456523143634703456e-02,-8.681430300480968976e-02
8.400000000000000000e+01,8.800000000000000000e+01,1.465795713187256072e-02,-8.728951583409057247e-02
8.800000000000000000e+01,8.800000000000000000e+01,1.470848449295675785e-02,-8.775121859227759391e-02
9.200000000000000000e+01,8.800000000000000000e+01,1.472026518202792719e-02,-8.815554020958810133e-02
9.600000000000000000e+01,8.800000000000000000e+01,1.469998540514036792e-02,-8.846183203913654536e-02
1.000000000000000000e+02,8.800000000000000000e+01,1.466241542776539758e-02,-8.862838909802851772e-02
0.000000000000000000e+00,9.200000000000000000e+01,0.000000000000000000e+00,0.000000000000000000e+00
4.000000000000000000e+00,9.200000000000000000e+01,4.267446661561690238e-03,-1.448242207494109153e-02
8.000000000000000000e+00,9.200000000000000000e+01,8.281362850947986132e-03,-3.120283394934232971e-02
1.200000000000000000e+01,9.200000000000000000e+01,1.161583904562688181e-02,-4.879225920229408875e-02
1.600000000000000000e+01,9.200000000000000000e+01,1.383700288092130568e-02,-6.614836620480850360e-02
2.000000000000000000e+01,9.200000000000000000e+01,1.455653769655002386e-02,-8.180639889597485226e-02
2.400000000000000000e+01,9.200000000000000000e+01,1.357228425810430919e-02,-9.341011695269046955e-02
2.800000000000000000e+01,9.200000000000000000e+01,1.157300753864447945e-02,-9.779481556839976497e-02
3.200000000000000000e+01,9.200000000000000000e+01,1.030351309846335925e-02,-9.850598515696430690e-02
3.600000000000000000e+01,9.200000000000000000e+01,9.884336748128779923e-03,-9.705440329300876745e-02
4.000000000000000000e+01,9.200000000000000000e+01,1.008442679366979011e-02,-9.468337149277328280e-02
4.400000000000000000e+01,9.200000000000000000e+01,1.058374994030266726e-02,-9.221909140162694307e-02
4.800000000000000000e+01,9.200000000000000000e+01,1.116823850454461316e-02,-9.007720898686823185e-02
5.200000000000000000e+01,9.200000000000000000e+01,1.174886644203298677e-02,-8.840346769396861815e-02
5.600000000000000000e+01,9.200000000000000000e+01,1.229439457435654512e-02,-8.721385532999664791e-02
6.000000000000000000e+01,9.200000000000000000e+01,1.279379651884452601e-02,-8.646494199005286263e-02
6.400000000000000000e+01,9.200000000000000000e+01,1.324166498424853879e-02,-8.608878470187865395e-02
6.800000000000000000e+01,9.200000000000000000e+01,1.363397570499937442e-02,-8.601056217866195897e-02
7.200000000000000000e+01,9.200000000000000000e+01,1.396756558627092366e-02,-8.615706010609314180e-02
7.600000000000000000e+01,9.200000000000000000e+01,1.424056194424825651e-02,-8.646022323583799074e-02
8.000000000000000000e+01,9.200000000000000000e+01,1.445281606224632295e-02,-8.685820698291722708e-02
8.400000000000000000e+01,9.200000000000000000e+01,1.460612456689071477e-02,-8.729541394767971474e-02
8.800000000000000000e+01,9.200000000000000000e+01,1.470429352129787488e-02,-8.772250861071122230e-02
9.200000000000000000e+01,9.200000000000000000e+01,1.475330275262361733e-02,-8.809716956611118865e-02
9.600000000000000000e+01,9.200000000000000000e+01,1.476250963411285082e-02,-8.838583716224746034e-02
1.000000000000000000e+02,9.200000000000000000e+01,1.475047417618805499e-02,-8.856327514144722579e-02
0.000000000000000000e+00,9.600000000000000000e+01,0.000000000000000000e+00,0.000000000000000000e+00
4.000000000000000000e+00,9.600000000000000000e+01,6.979094287533811787e-03,-1.520845544066957988e-02
8.000000000000000000e+00,9.600000000000000000e+01,1.294150390890488889e-02,-3.215893005816685551e-02
1.200000000000000000e+01,9.600000000000000000e+01,1.716039689342639327e-02,-4.946443457814201500e-02
1.600000000000000000e+01,9.600000000000000000e+01,1.936477305189801545e-02,-6.607713765011993812e-02
2.000000000000000000e+01,9.600000000000000000e+01,1.954760865100420297e-02,-8.059683380828042143e-02
2.400000000000000000e+01,9.600000000000000000e+01,1.799950231157335795e-02,-9.112955266084804551e-02
2.800000000000000000e+01,9.600000000000000000e+01,1.550690919713027145e-02,-9.611379919579926545e-02
3.200000000000000000e+01,9.600000000000000000e+01,1.327879716059899261e-02,-9.759234806237429560e-02
3.600000000000000000e+01,9.600000000000000000e+01,1.170629817538347724e-02,-9.681772109193176323e-02
4.000000000000000000e+01,9.600000000000000000e+01,1.085418764301232693e-02,-9.488993698463071835e-02
4.400000000000000000e+01,9.600000000000000000e+01,1.059460258727417531e-02,-9.262590411289536863e-02
4.800000000000000000e+01,9.600000000000000000e+01,1.074210723516122283e-02,-9.052469917816101386e-02
5.200000000000000000e+01,9.600000000000000000e+01,1.113606164977211550e-02,-8.882064862502929425e-02
5.600000000000000000e+01,9.600000000000000000e+01,1.166013910663384924e-02,-8.757799141426887701e-02
6.000000000000000000e+01,9.600000000000000000e+01,1.223329783320412090e-02,-8.677298758566220904e-02
6.400000000000000000e+01,9.600000000000000000e+01,1.279992527558125419e-02,-8.634382392096047465e-02
6.800000000000000000e+01,9.600000000000000000e+01,1.332297486576236589e-02,-8.621669163551684556e-02
7.200000000000000000e+01,9.600000000000000000e+01,1.377925916492325244e-02,-8.631796652574368067e-02
7.600000000000000000e+01,9.600000000000000000e+01,1.415610793088410008e-02,-8.657910363022344735e-02
8.000000000000000000e+01,9.600000000000000000e+01,1.444899127999621329e-02,-8.693806887968541508e-02
8.400000000000000000e+01,9.600000000000000000e+01,1.465988517737536016e-02,-8.733945776491175428e-02
8.800000000000000000e+01,9.600000000000000000e+01,1.479618945147882433e-02,-8.773464209217055054e-02
9.200000000000000000e+01,9.600000000000000000e+01,1.486997181984832904e-02,-8.808313343957005492e-02
9.600000000000000000e+01,9.600000000000000000e+01,1.489729211909204126e-02,-8.835692031537781266e-02
1.000000000000000000e+02,9.600000000000000000e+01,1.489860479329556051e-02,-8.855031058243585662e-02
0.000000000000000000e+00,1.000000000000000000e+02,0.000000000000000000e+00,0.000000000000000000e+00
4.000000000000000000e+00,1.000000000000000000e+02,1.356193981853438986e-02,-1.759509987209022588e-02
8.000000000000000000e+00,1.000000000000000000e+02,2.285602813933353475e-02,-3.406978238262612507e-02
1.200000000000000000e+01,1.000000000000000000e+02,2.808376901762989208e-02,-5.046688411430381993e-02
1.600000000000000000e+01,1.000000000000000000e+02,2.977425487673985779e-02,-6.602591222744183530e-02
2.000000000000000000e+01,1.000000000000000000e+02,2.835548139124412226e-02,-7.953406807300771042e-02
2.400000000000000000e+01,1.000000000000000000e+02,2.456553061064239291e-02,-8.941192745930612307e-02
2.800000000000000000e+01,1.000000000000000000e+02,1.977424199593260518e-02,-9.453365842485103587e-02
3.200000000000000000e+01,1.000000000000000000e+02,1.551733990430984728e-02,-9.641995130259042868e-02
3.600000000000000000e+01,1.000000000000000000e+02,1.237639078328767704e-02,-9.612426854308168955e-02
4.000000000000000000e+01,1.000000000000000000e+02,1.047612020254603225e-02,-9.461512215475149923e-02
4.400000000000000000e+01,1.000000000000000000e+02,9.651871812309885390e-03,-9.264865029280699993e-02
4.800000000000000000e+01,1.000000000000000000e+02,9.613160724369879118e-03,-9.072418257126360630e-02
5.200000000000000000e+01,1.000000000000000000e+02,1.006740352568524441e-02,-8.910726169180795131e-02
5.600000000000000000e+01,1.000000000000000000e+02,1.078167915933171336e-02,-8.789457559412112986e-02
6.000000000000000000e+01,1.000000000000000000e+02,1.159326593471087311e-02,-8.708468058382327903e-02
6.400000000000000000e+01,1.000000000000000000e+02,1.239702145327441739e-02,-8.662969324176135466e-02
6.800000000000000000e+01,1.000000000000000000e+02,1.312926145470206737e-02,-8.646461805578474491e-02
7.200000000000000000e+01,1.000000000000000000e+02,1.375456412252546931e-02,-8.652168983592327389e-02
7.600000000000000000e+01,1.000000000000000000e+02,1.425649553548065905e-02,-8.673651958780720372e-02
8.000000000000000000e+01,1.000000000000000000e+02,1.463168856955025972e-02,-8.705028098972635020e-02
8.400000000000000000e+01,1.000000000000000000e+02,1.488647274159049690e-02,-8.741033556516100700e-02
8.800000000000000000e+01,1.000000000000000000e+02,1.503536312903332173e-02,-8.777074858976839644e-02
9.200000000000000000e+01,1.000000000000000000e+02,1.510078023900677559e-02,-8.809391113478434732e-02
9.600000000000000000e+01,1.000000000000000000e+02,1.511304252484853457e-02,-8.835508530658733872e-02
1.000000000000000000e+02,1.000000000000000000e+02,1.510775364091950131e-02,-8.855530928048320483e-02
