X,Y,UX,UY,BOUNDARY,FORCE,MODULUS
0.000000000000000000e+00,0.000000000000000000e+00,0.000000000000000000e+00,0.000000000000000000e+00,1.000000000000000000e+00,0.000000000000000000e+00,1.000000000000000000e+04
2.000000000000000111e-01,0.000000000000000000e+00,-3.306216886497133356e-03,-4.989142925056892428e-03,0.000000000000000000e+00,0.000000000000000000e+00,1.000000000000000000e+04
4.000000000000000222e-01,0.000000000000000000e+00,-4.904470754477091229e-03,-9.125132598578732795e-03,0.000000000000000000e+00,0.000000000000000000e+00,1.000000000000000000e+04
5.999999999999999778e-01,0.000000000000000000e+00,-5.525359392319964362e-03,-1.270654058237058286e-02,0.000000000000000000e+00,0.000000000000000000e+00,1.000000000000000000e+04
8.000000000000000444e-01,0.000000000000000000e+00,-5.630854438312318105e-03,-1.564464802764903295e-02,0.000000000000000000e+00,0.000000000000000000e+00,1.000000000000000000e+04
1.000000000000000000e+00,0.000000000000000000e+00,-5.631199478531035904e-03,-1.804914354821266290e-02,0.000000000000000000e+00,0.000000000000000000e+00,1.000000000000000000e+04
0.000000000000000000e+00,2.000000000000000111e-01,0.000000000000000000e+00,0.000000000000000000e+00,1.000000000000000000e+00,0.000000000000000000e+00,1.000000000000000000e+04
2.000000000000000111e-01,2.000000000000000111e-01,-1.263184910867014722e-03,-4.226357673477295664e-03,0.000000000000000000e+00,0.000000000000000000e+00,1.000000000000000000e+04
4.000000000000000222e-01,2.000000000000000111e-01,-2.395816331197607799e-03,-8.737868113995789568e-03,0.000000000000000000e+00,0.000000000000000000e+00,1.000000000000000000e+04
5.999999999999999778e-01,2.000000000000000111e-01,-2.991392698271025906e-03,-1.260755189567766554e-02,0.000000000000000000e+00,0.000000000000000000e+00,1.000000000000000000e+04
8.000000000000000444e-01,2.000000000000000111e-01,-3.195546072107785084e-03,-1.568657755315787730e-02,0.000000000000000000e+00,0.000000000000000000e+00,1.000000000000000000e+04
1.000000000000000000e+00,2.000000000000000111e-01,-3.228429159061004926e-03,-1.804948858843139284e-02,0.000000000000000000e+00,0.000000000000000000e+00,1.000000000000000000e+04
0.000000000000000000e+00,4.000000000000000222e-01,0.000000000000000000e+00,0.000000000000000000e+00,1.000000000000000000e+00,0.000000000000000000e+00,1.000000000000000000e+04
2.000000000000000111e-01,4.000000000000000222e-01,-6.771931542436705493e-04,-4.348975404593813897e-03,0.000000000000000000e+00,0.000000000000000000e+00,1.000000000000000000e+04
4.000000000000000222e-01,4.000000000000000222e-01,-1.145605985022305319e-03,-8.823188694988463518e-03,0.000000000000000000e+00,0.000000000000000000e+00,1.000000000000000000e+04
5.999999999999999778e-01,4.000000000000000222e-01,-1.397027943202646316e-03,-1.281435059711043614e-02,0.000000000000000000e+00,0.000000000000000000e+00,1.000000000000000000e+04
8.000000000000000444e-01,4.000000000000000222e-01,-1.402815400418257977e-03,-1.594940328657881712e-02,0.000000000000000000e+00,0.000000000000000000e+00,1.000000000000000000e+04
1.000000000000000000e+00,4.000000000000000222e-01,-1.291422475138518777e-03,-1.813689075731247935e-02,0.000000000000000000e+00,0.000000000000000000e+00,1.000000000000000000e+04
0.000000000000000000e+00,5.999999999999999778e-01,0.000000000000000000e+00,0.000000000000000000e+00,1.000000000000000000e+00,0.000000000000000000e+00,1.000000000000000000e+04
2.000000000000000111e-01,5.999999999999999778e-01,-4.572682024995979142e-04,-4.765223292616044964e-03,0.000000000000000000e+00,0.000000000000000000e+00,1.000000000000000000e+04
4.000000000000000222e-01,5.999999999999999778e-01,-5.893180419249127852e-04,-9.408550313692858047e-03,0.000000000000000000e+00,0.000000000000000000e+00,1.000000000000000000e+04
5.999999999999999778e-01,5.999999999999999778e-01,-4.912847946825474495e-04,-1.348944588675156202e-02,0.000000000000000000e+00,0.000000000000000000e+00,1.000000000000000000e+04
8.000000000000000444e-01,5.999999999999999778e-01,-2.148835839307415921e-04,-1.663989977324245931e-02,0.000000000000000000e+00,0.000000000000000000e+00,1.000000000000000000e+04
1.000000000000000000e+00,5.999999999999999778e-01,1.375693588195941379e-04,-1.861562619881332314e-02,0.000000000000000000e+00,0.000000000000000000e+00,1.000000000000000000e+04
0.000000000000000000e+00,8.000000000000000444e-01,0.000000000000000000e+00,0.000000000000000000e+00,1.000000000000000000e+00,0.000000000000000000e+00,1.000000000000000000e+04
2.000000000000000111e-01,8.000000000000000444e-01,-3.978231198399121934e-04,-5.353986128879171039e-03,0.000000000000000000e+00,0.000000000000000000e+00,1.000000000000000000e+04
4.000000000000000222e-01,8.000000000000000444e-01,-3.642730731661865157e-04,-1.036329278327423505e-02,0.000000000000000000e+00,0.000000000000000000e+00,1.000000000000000000e+04
5.999999999999999778e-01,8.000000000000000444e-01,-1.828159323608435775e-05,-1.465431288884934749e-02,0.000000000000000000e+00,0.000000000000000000e+00,1.000000000000000000e+04
8.000000000000000444e-01,8.000000000000000444e-01,5.356718577174014858e-04,-1.786827144457103431e-02,0.000000000000000000e+00,0.000000000000000000e+00,1.000000000000000000e+04
1.000000000000000000e+00,8.000000000000000444e-01,1.172204680826120348e-03,-1.969164042284376678e-02,0.000000000000000000e+00,0.000000000000000000e+00,1.000000000000000000e+04
0.000000000000000000e+00,1.000000000000000000e+00,0.000000000000000000e+00,0.000000000000000000e+00,1.000000000000000000e+00,0.000000000000000000e+00,1.000000000000000000e+04
2.000000000000000111e-01,1.000000000000000000e+00,-4.272371734688814736e-04,-6.090828913793053766e-03,0.000000000000000000e+00,0.000000000000000000e+00,1.000000000000000000e+04
4.000000000000000222e-01,1.000000000000000000e+00,-3.142519328200163095e-04,-1.164813028913225940e-02,0.000000000000000000e+00,0.000000000000000000e+00,1.000000000000000000e+04
5.999999999999999778e-01,1.000000000000000000e+00,2.157765235297163392e-04,-1.630798771177693202e-02,0.000000000000000000e+00,0.000000000000000000e+00,1.000000000000000000e+04
8.000000000000000444e-01,1.000000000000000000e+00,1.028784400236161089e-03,-1.970295918610315278e-02,0.000000000000000000e+00,0.000000000000000000e+00,1.000000000000000000e+04
1.000000000000000000e+00,1.000000000000000000e+00,1.972978317753963998e-03,-2.148809141787623445e-02,0.000000000000000000e+00,0.000000000000000000e+00,1.000000000000000000e+04
0.000000000000000000e+00,1.199999999999999956e+00,0.000000000000000000e+00,0.000000000000000000e+00,1.000000000000000000e+00,0.000000000000000000e+00,1.000000000000000000e+04
2.000000000000000111e-01,1.199999999999999956e+00,-5.088374151565919863e-04,-6.984041765803201962e-03,0.000000000000000000e+00,0.000000000000000000e+00,1.000000000000000000e+04
4.000000000000000222e-01,1.199999999999999956e+00,-3.554239637722881066e-04,-1.327537416531122082e-02,0.000000000000000000e+00,0.000000000000000000e+00,1.000000000000000000e+04
5.999999999999999778e-01,1.199999999999999956e+00,3.359519733453240680e-04,-1.848200333393542477e-02,0.000000000000000000e+00,0.000000000000000000e+00,1.000000000000000000e+04
8.000000000000000444e-01,1.199999999999999956e+00,1.409968352823919111e-03,-2.220937373463073225e-02,0.000000000000000000e+00,0.000000000000000000e+00,1.000000000000000000e+04
1.000000000000000000e+00,1.199999999999999956e+00,2.688071510133528512e-03,-2.409127109012627541e-02,0.000000000000000000e+00,0.000000000000000000e+00,1.000000000000000000e+04
0.000000000000000000e+00,1.399999999999999911e+00,0.000000000000000000e+00,0.000000000000000000e+00,1.000000000000000000e+00,0.000000000000000000e+00,1.000000000000000000e+04
2.000000000000000111e-01,1.399999999999999911e+00,-6.183647234076295254e-04,-8.057777961544623779e-03,0.000000000000000000e+00,0.000000000000000000e+00,1.000000000000000000e+04
4.000000000000000222e-01,1.399999999999999911e+00,-4.320531609241938433e-04,-1.528785828210634141e-02,0.000000000000000000e+00,0.000000000000000000e+00,1.000000000000000000e+04
5.999999999999999778e-01,1.399999999999999911e+00,4.298046544761720896e-04,-2.123838565365528119e-02,0.000000000000000000e+00,0.000000000000000000e+00,1.000000000000000000e+04
8.000000000000000444e-01,1.399999999999999911e+00,1.789693292015591798e-03,-2.546931933203401555e-02,0.000000000000000000e+00,0.000000000000000000e+00,1.000000000000000000e+04
1.000000000000000000e+00,1.399999999999999911e+00,3.440296447245203785e-03,-2.758909352837044665e-02,0.000000000000000000e+00,0.000000000000000000e+00,1.000000000000000000e+04
0.000000000000000000e+00,1.600000000000000089e+00,0.000000000000000000e+00,0.000000000000000000e+00,1.000000000000000000e+00,0.000000000000000000e+00,1.000000000000000000e+04
2.000000000000000111e-01,1.600000000000000089e+00,-7.348102714087221231e-04,-9.347712590948518627e-03,0.000000000000000000e+00,0.000000000000000000e+00,1.000000000000000000e+04
4.000000000000000222e-01,1.600000000000000089e+00,-4.957738992056590684e-04,-1.775161572446375818e-02,0.000000000000000000e+00,0.000000000000000000e+00,1.000000000000000000e+04
5.999999999999999778e-01,1.600000000000000089e+00,5.731087574597997598e-04,-2.466525145022275406e-02,0.000000000000000000e+00,0.000000000000000000e+00,1.000000000000000000e+04
8.000000000000000444e-01,1.600000000000000089e+00,2.264194297353585520e-03,-2.958633436514832363e-02,0.000000000000000000e+00,0.000000000000000000e+00,1.000000000000000000e+04
1.000000000000000000e+00,1.600000000000000089e+00,4.339792028879410450e-03,-3.209236678625092959e-02,0.000000000000000000e+00,0.000000000000000000e+00,1.000000000000000000e+04
0.000000000000000000e+00,1.800000000000000044e+00,0.000000000000000000e+00,0.000000000000000000e+00,1.000000000000000000e+00,0.000000000000000000e+00,1.000000000000000000e+04
2.000000000000000111e-01,1.800000000000000044e+00,-8.338866623453013724e-04,-1.090324417999472342e-02,0.000000000000000000e+00,0.000000000000000000e+00,1.000000000000000000e+04
4.000000000000000222e-01,1.800000000000000044e+00,-4.897808210893127420e-04,-2.075787861187068650e-02,0.000000000000000000e+00,0.000000000000000000e+00,1.000000000000000000e+04
5.999999999999999778e-01,1.800000000000000044e+00,8.531783457901710287e-04,-2.887703217428910438e-02,0.000000000000000000e+00,0.000000000000000000e+00,1.000000000000000000e+04
8.000000000000000444e-01,1.800000000000000044e+00,2.940958592748994880e-03,-3.468658719632131820e-02,0.000000000000000000e+00,0.000000000000000000e+00,1.000000000000000000e+04
1.000000000000000000e+00,1.800000000000000044e+00,5.506384861426427170e-03,-3.774091514949271670e-02,0.000000000000000000e+00,0.000000000000000000e+00,1.000000000000000000e+04
0.000000000000000000e+00,2.000000000000000000e+00,0.000000000000000000e+00,0.000000000000000000e+00,1.000000000000000000e+00,0.000000000000000000e+00,1.000000000000000000e+04
2.000000000000000111e-01,2.000000000000000000e+00,-8.821062680421229082e-04,-1.279607901530530750e-02,0.000000000000000000e+00,0.000000000000000000e+00,1.000000000000000000e+04
4.000000000000000222e-01,2.000000000000000000e+00,-3.333627448042768174e-04,-2.443424629641048965e-02,0.000000000000000000e+00,0.000000000000000000e+00,1.000000000000000000e+04
5.999999999999999778e-01,2.000000000000000000e+00,1.392435689428288140e-03,-3.401979787074892875e-02,0.000000000000000000e+00,0.000000000000000000e+00,1.000000000000000000e+04
8.000000000000000444e-01,2.000000000000000000e+00,3.965218516565864257e-03,-4.091668428459006857e-02,0.000000000000000000e+00,0.000000000000000000e+00,1.000000000000000000e+04
1.000000000000000000e+00,2.000000000000000000e+00,7.093332342957681287e-03,-4.469794549420411101e-02,0.000000000000000000e+00,0.000000000000000000e+00,1.000000000000000000e+04
0.000000000000000000e+00,2.200000000000000178e+00,0.000000000000000000e+00,0.000000000000000000e+00,1.000000000000000000e+00,0.000000000000000000e+00,1.000000000000000000e+04
2.000000000000000111e-01,2.200000000000000178e+00,-8.317291987898373659e-04,-1.513709170416879975e-02,0.000000000000000000e+00,0.000000000000000000e+00,1.000000000000000000e+04
4.000000000000000222e-01,2.200000000000000178e+00,9.380253273284645094e-05,-2.896768090550660285e-02,0.000000000000000000e+00,0.000000000000000000e+00,1.000000000000000000e+04
5.999999999999999778e-01,2.200000000000000178e+00,2.372658108327775281e-03,-4.028205114240270696e-02,0.000000000000000000e+00,0.000000000000000000e+00,1.000000000000000000e+04
8.000000000000000444e-01,2.200000000000000178e+00,5.546234750257490395e-03,-4.843686790466695397e-02,0.000000000000000000e+00,0.000000000000000000e+00,1.000000000000000000e+04
1.000000000000000000e+00,2.200000000000000178e+00,9.309088122151719380e-03,-5.313112956828378031e-02,0.000000000000000000e+00,0.000000000000000000e+00,1.000000000000000000e+04
0.000000000000000000e+00,2.399999999999999911e+00,0.000000000000000000e+00,0.000000000000000000e+00,1.000000000000000000e+00,0.000000000000000000e+00,1.000000000000000000e+04
2.000000000000000111e-01,2.399999999999999911e+00,-6.184111592064039454e-04,-1.810459907935560442e-02,0.000000000000000000e+00,0.000000000000000000e+00,1.000000000000000000e+04
4.000000000000000222e-01,2.399999999999999911e+00,9.657266225044954097e-04,-3.464485897296987194e-02,0.000000000000000000e+00,0.000000000000000000e+00,1.000000000000000000e+04
5.999999999999999778e-01,2.399999999999999911e+00,4.057300501689319223e-03,-4.791192110282326000e-02,0.000000000000000000e+00,0.000000000000000000e+00,1.000000000000000000e+04
8.000000000000000444e-01,2.399999999999999911e+00,7.979503951098157466e-03,-5.740667416783686722e-02,0.000000000000000000e+00,0.000000000000000000e+00,1.000000000000000000e+04
1.000000000000000000e+00,2.399999999999999911e+00,1.243206282994281653e-02,-6.317478270065043922e-02,0.000000000000000000e+00,0.000000000000000000e+00,1.000000000000000000e+04
0.000000000000000000e+00,2.600000000000000089e+00,0.000000000000000000e+00,0.000000000000000000e+00,1.000000000000000000e+00,0.000000000000000000e+00,1.000000000000000000e+04
2.000000000000000111e-01,2.600000000000000089e+00,-1.656503012007379499e-04,-2.198774568638345653e-02,0.000000000000000000e+00,0.000000000000000000e+00,1.000000000000000000e+04
4.000000000000000222e-01,2.600000000000000089e+00,2.517487941488564737e-03,-4.191918949411715251e-02,0.000000000000000000e+00,0.000000000000000000e+00,1.000000000000000000e+04
5.999999999999999778e-01,2.600000000000000089e+00,6.803924429791730240e-03,-5.724127178799101601e-02,0.000000000000000000e+00,0.000000000000000000e+00,1.000000000000000000e+04
8.000000000000000444e-01,2.600000000000000089e+00,1.165410835303099142e-02,-6.795868098446726513e-02,0.000000000000000000e+00,0.000000000000000000e+00,1.000000000000000000e+04
1.000000000000000000e+00,2.600000000000000089e+00,1.680688634832580922e-02,-7.486491657782549936e-02,0.000000000000000000e+00,0.000000000000000000e+00,1.000000000000000000e+04
0.000000000000000000e+00,2.799999999999999822e+00,0.000000000000000000e+00,0.000000000000000000e+00,1.000000000000000000e+00,0.000000000000000000e+00,1.000000000000000000e+04
2.000000000000000111e-01,2.799999999999999822e+00,5.960964645674508670e-04,-2.724768422401033230e-02,0.000000000000000000e+00,0.000000000000000000e+00,1.000000000000000000e+04
4.000000000000000222e-01,2.799999999999999822e+00,5.036449752008603092e-03,-5.151977807381829394e-02,0.000000000000000000e+00,0.000000000000000000e+00,1.000000000000000000e+04
5.999999999999999778e-01,2.799999999999999822e+00,1.104991913219640319e-02,-6.871367193452031230e-02,0.000000000000000000e+00,0.000000000000000000e+00,1.000000000000000000e+04
8.000000000000000444e-01,2.799999999999999822e+00,1.702204046021154465e-02,-8.015405040423900784e-02,0.000000000000000000e+00,0.000000000000000000e+00,1.000000000000000000e+04
1.000000000000000000e+00,2.799999999999999822e+00,2.279931438797730067e-02,-8.803955543208834278e-02,0.000000000000000000e+00,0.000000000000000000e+00,1.000000000000000000e+04
0.000000000000000000e+00,3.000000000000000000e+00,0.000000000000000000e+00,0.000000000000000000e+00,1.000000000000000000e+00,0.000000000000000000e+00,1.000000000000000000e+04
2.000000000000000111e-01,3.000000000000000000e+00,1.680966776552614847e-03,-3.459473694142573691e-02,0.000000000000000000e+00,0.000000000000000000e+00,1.000000000000000000e+04
4.000000000000000222e-01,3.000000000000000000e+00,8.823020702271562946e-03,-6.462931019462675453e-02,0.000000000000000000e+00,0.000000000000000000e+00,1.000000000000000000e+04
5.999999999999999778e-01,3.000000000000000000e+00,1.724175696152313586e-02,-8.290136638473948050e-02,0.000000000000000000e+00,0.000000000000000000e+00,1.000000000000000000e+04
8.000000000000000444e-01,3.000000000000000000e+00,2.448685713519840532e-02,-9.391083324308421854e-02,0.000000000000000000e+00,0.000000000000000000e+00,1.000000000000000000e+04
1.000000000000000000e+00,3.000000000000000000e+00,3.067025247809835459e-02,-1.022053039312379036e-01,0.000000000000000000e+00,0.000000000000000000e+00,1.000000000000000000e+04
0.000000000000000000e+00,3.200000000000000178e+00,0.000000000000000000e+00,0.000000000000000000e+00,1.000000000000000000e+00,0.000000000000000000e+00,1.000000000000000000e+04
2.000000000000000111e-01,3.200000000000000178e+00,2.940238179592478008e-03,-4.506793185471945351e-02,0.000000000000000000e+00,0.000000000000000000e+00,1.000000000000000000e+04
4.000000000000000222e-01,3.200000000000000178e+00,1.410248899120580129e-02,-8.318601728101458759e-02,0.000000000000000000e+00,0.000000000000000000e+00,1.000000000000000000e+04
5.999999999999999778e-01,3.200000000000000178e+00,2.566160086533108078e-02,-1.004646224725626452e-01,0.000000000000000000e+00,0.000000000000000000e+00,1.000000000000000000e+04
8.000000000000000444e-01,3.200000000000000178e+00,3.414293527981938220e-02,-1.088921508214679840e-01,0.000000000000000000e+00,0.000000000000000000e+00,1.000000000000000000e+04
1.000000000000000000e+00,3.200000000000000178e+00,4.031005211161439034e-02,-1.163977687705320119e-01,0.000000000000000000e+00,0.000000000000000000e+00,1.000000000000000000e+04
0.000000000000000000e+00,3.399999999999999911e+00,0.000000000000000000e+00,0.000000000000000000e+00,1.000000000000000000e+00,0.000000000000000000e+00,1.000000000000000000e+04
2.000000000000000111e-01,3.399999999999999911e+00,3.828093186820823862e-03,-6.007281449499866227e-02,0.000000000000000000e+00,0.000000000000000000e+00,1.000000000000000000e+04
4.000000000000000222e-01,3.399999999999999911e+00,2.085992108821432475e-02,-1.104422072610091732e-01,0.000000000000000000e+00,0.000000000000000000e+00,1.000000000000000000e+04
5.999999999999999778e-01,3.399999999999999911e+00,3.608580399074669265e-02,-1.219308823009559867e-01,0.000000000000000000e+00,0.000000000000000000e+00,1.000000000000000000e+04
8.000000000000000444e-01,3.399999999999999911e+00,4.527431178984363952e-02,-1.243375721387286470e-01,0.000000000000000000e+00,0.000000000000000000e+00,1.000000000000000000e+04
1.000000000000000000e+00,3.399999999999999911e+00,5.076715652980785809e-02,-1.291255580580135121e-01,0.000000000000000000e+00,0.000000000000000000e+00,1.000000000000000000e+04
0.000000000000000000e+00,3.600000000000000089e+00,0.000000000000000000e+00,0.000000000000000000e+00,1.000000000000000000e+00,0.000000000000000000e+00,1.000000000000000000e+04
2.000000000000000111e-01,3.600000000000000089e+00,2.952469209925673733e-03,-8.120737041962873548e-02,0.000000000000000000e+00,0.000000000000000000e+00,1.000000000000000000e+04
4.000000000000000222e-01,3.600000000000000089e+00,2.849678991708259196e-02,-1.521315545588647622e-01,0.000000000000000000e+00,0.000000000000000000e+00,1.000000000000000000e+04
5.999999999999999778e-01,3.600000000000000089e+00,4.716136203899459062e-02,-1.470158256477727965e-01,0.000000000000000000e+00,0.000000000000000000e+00,1.000000000000000000e+04
8.000000000000000444e-01,3.600000000000000089e+00,5.554982449953065754e-02,-1.388288792857932941e-01,0.000000000000000000e+00,0.000000000000000000e+00,1.000000000000000000e+04
1.000000000000000000e+00,3.600000000000000089e+00,5.956901304354690618e-02,-1.386051561103694152e-01,0.000000000000000000e+00,0.000000000000000000e+00,1.000000000000000000e+04
0.000000000000000000e+00,3.799999999999999822e+00,0.000000000000000000e+00,0.000000000000000000e+00,1.000000000000000000e+00,0.000000000000000000e+00,1.000000000000000000e+04
2.000000000000000111e-01,3.799999999999999822e+00,-8.665072757584584701e-04,-1.085095496091875722e-01,0.000000000000000000e+00,0.000000000000000000e+00,1.000000000000000000e+04
4.000000000000000222e-01,3.799999999999999822e+00,3.459623352578022198e-02,-2.192016800090097750e-01,0.000000000000000000e+00,0.000000000000000000e+00,1.000000000000000000e+04
5.999999999999999778e-01,3.799999999999999822e+00,5.498256122807720914e-02,-1.730379235098699620e-01,0.000000000000000000e+00,0.000000000000000000e+00,1.000000000000000000e+04
8.000000000000000444e-01,3.799999999999999822e+00,6.009939315130870957e-02,-1.500787869597444701e-01,0.000000000000000000e+00,0.000000000000000000e+00,1.000000000000000000e+04
1.000000000000000000e+00,3.799999999999999822e+00,6.221328705841275980e-02,-1.436339777714901733e-01,0.000000000000000000e+00,0.000000000000000000e+00,1.000000000000000000e+04
0.000000000000000000e+00,4.000000000000000000e+00,0.000000000000000000e+00,0.000000000000000000e+00,1.000000000000000000e+00,0.000000000000000000e+00,1.000000000000000000e+04
2.000000000000000111e-01,4.000000000000000000e+00,4.407421248312239082e-02,-1.127837845628954366e-01,0.000000000000000000e+00,0.000000000000000000e+00,1.000000000000000000e+04
4.000000000000000222e-01,4.000000000000000000e+00,2.062375054247017961e-02,-3.369033873852426697e-01,0.000000000000000000e+00,1.000000000000000000e+00,1.000000000000000000e+04
5.999999999999999778e-01,4.000000000000000000e+00,4.737537802426194933e-02,-1.927001866740339076e-01,0.000000000000000000e+00,0.000000000000000000e+00,1.000000000000000000e+04
8.000000000000000444e-01,4.000000000000000000e+00,5.152661317210670278e-02,-1.556917836162544921e-01,0.000000000000000000e+00,0.000000000000000000e+00,1.000000000000000000e+04
1.000000000000000000e+00,4.000000000000000000e+00,5.434024865717709124e-02,-1.451130592662054075e-01,0.000000000000000000e+00,0.000000000000000000e+00,1.000000000000000000e+04
